{"stats":{"minecraft:mined":{"minecraft:oak_sapling":1,"minecraft:dandelion":2,"minecraft:granite":8,"minecraft:grass_block":2,"minecraft:chest":1,"minecraft:tall_grass":2,"minecraft:cobblestone":12,"minecraft:oak_planks":2,"minecraft:diorite":3,"minecraft:wall_torch":3,"minecraft:iron_ore":13,"minecraft:andesite":1,"minecraft:grass":48,"minecraft:coal_ore":6,"minecraft:oak_log":15,"minecraft:sunflower":1,"minecraft:gravel":5,"minecraft:sand":24,"minecraft:dirt":18,"minecraft:stone":168,"minecraft:oak_leaves":9},"minecraft:used":{"alexsmobs:spawn_egg_raccoon":1,"minecraft:diorite":1,"minecraft:stone_shovel":26,"minecraft:stone_pickaxe":211,"minecraft:oak_planks":18,"minecraft:chest":6,"minecraft:wooden_pickaxe":17,"minecraft:iron_sword":59,"bloodandmadness:shadow_blade":12,"minecraft:cooked_salmon":10,"minecraft:torch":3,"minecraft:dirt":17,"ob_core:ancient_paladin_spawn_egg":1,"mowziesmobs:frostmaw_spawn_egg":1,"minecraft:crafting_table":7,"alexsmobs:spawn_egg_guster":1,"minecraft:granite":8,"ob_core:hilda_spawn_egg":1,"minecraft:sunflower":1,"aquamirae:maze_mother_spawn_egg":1,"minecraft:stone_axe":9,"dead_guys_untitled_deep_dark_:warden_spawn_egg":1,"minecraft:cobblestone":106,"travelersbackpack:standard":1,"rats:cooked_rat":1,"minecraft:oak_sapling":2,"minecraft:furnace":2,"bloodandmadness:axe_huntsman_spawn_egg":1,"alexsmobs:animal_dictionary":1},"minecraft:broken":{"minecraft:stone_pickaxe":1},"minecraft:killed":{"alexsmobs:guster":1,"minecraft:pig":3,"minecraft:salmon":6,"alexsmobs:raccoon":1,"alexsmobs:emu":1,"minecraft:sheep":12,"bloodandmadness:beast_patient":1,"minecraft:chicken":1},"minecraft:custom":{"minecraft:interact_with_furnace":55,"minecraft:mob_kills":27,"minecraft:interact_with_crafting_table":19,"minecraft:play_one_minute":69008,"minecraft:leave_game":1,"minecraft:time_since_death":55552,"minecraft:sleep_in_bed":1,"minecraft:time_since_rest":26102,"minecraft:sprint_one_cm":115349,"minecraft:damage_taken":865,"minecraft:walk_one_cm":138063,"minecraft:drop":6,"minecraft:damage_dealt":3491,"minecraft:swim_one_cm":20575,"minecraft:fly_one_cm":315764,"minecraft:open_chest":35,"minecraft:crouch_one_cm":32257,"minecraft:deaths":2,"minecraft:sneak_time":9076,"minecraft:walk_under_water_one_cm":4800,"minecraft:jump":1467,"minecraft:walk_on_water_one_cm":3224,"minecraft:fall_one_cm":34605},"minecraft:picked_up":{"minecraft:chicken":1,"minecraft:andesite":1,"minecraft:salmon":19,"minecraft:brown_wool":1,"minecraft:potato":4,"minecraft:flint":1,"minecraft:oak_log":16,"rats:raw_rat":1,"minecraft:dirt":19,"minecraft:cooked_salmon":4,"minecraft:apple":3,"bloodandmadness:blood_vial":1,"alexsmobs:emu_feather":2,"minecraft:wheat_seeds":3,"minecraft:beef":9,"minecraft:stone_pickaxe":1,"minecraft:iron_ore":40,"minecraft:poppy":1,"minecraft:chest":1,"minecraft:oak_planks":9,"minecraft:stick":18,"minecraft:torch":3,"minecraft:dandelion":2,"minecraft:gravel":4,"minecraft:porkchop":6,"minecraft:sand":26,"minecraft:diorite":3,"bloodandmadness:coldblood_dew":35,"minecraft:stone_axe":1,"minecraft:granite":8,"minecraft:gray_wool":1,"minecraft:bread":2,"minecraft:oak_sapling":4,"minecraft:black_wool":1,"minecraft:mutton":18,"bloodandmadness:blood_stone_shard":1,"minecraft:coal":39,"minecraft:white_wool":9,"minecraft:cobblestone":178,"minecraft:sunflower":1},"minecraft:dropped":{"minecraft:iron_sword":1,"minecraft:iron_chestplate":1,"minecraft:cooked_salmon":4},"minecraft:killed_by":{"alexsmobs:raccoon":1},"minecraft:crafted":{"minecraft:oak_planks":120,"minecraft:stone_shovel":1,"minecraft:cooked_porkchop":6,"minecraft:crafting_table":7,"minecraft:wooden_pickaxe":1,"minecraft:iron_sword":3,"minecraft:furnace":2,"minecraft:cooked_salmon":20,"minecraft:cooked_mutton":18,"minecraft:air":0,"rats:cooked_rat":1,"minecraft:iron_chestplate":3,"minecraft:stick":8,"minecraft:iron_ingot":30,"minecraft:stone_pickaxe":2,"minecraft:chest":5}},"DataVersion":2586}