{"stats":{"minecraft:picked_up":{"minecraft:lime_bed":8,"minecraft:iron_chestplate":1,"minecraft:wheat":135,"minecraft:andesite":18,"minecraft:cut_sandstone":13,"minecraft:lead":6,"dead_guys_untitled_deep_dark_:dahlia_petal":1,"minecraft:oak_log":22,"minecraft:golden_sword":2,"minecraft:gunpowder":6,"rats:raw_rat":2,"minecraft:dirt":16,"minecraft:bone":2,"minecraft:beetroot":1,"bloodandmadness:raw_quicksilver":2,"minecraft:light_weighted_pressure_plate":4,"minecraft:iron_ingot":14,"alexsmobs:raccoon_tail":1,"minecraft:oak_planks":75,"minecraft:furnace":1,"minecraft:sandstone":34,"minecraft:sweet_berries":16,"minecraft:sandstone_wall":2,"minecraft:fire_charge":6,"rats:plague_essence":1,"minecraft:sand":61,"minecraft:diorite":16,"minecraft:chiseled_sandstone":10,"alexsmobs:animal_dictionary":2,"bloodandmadness:coldblood_dew":100,"minecraft:rotten_flesh":6,"minecraft:beetroot_seeds":3,"minecraft:golden_hoe":2,"minecraft:golden_horse_armor":2,"minecraft:saddle":1,"minecraft:bread":22,"minecraft:coal":15,"alexsmobs:lobster_tail":1,"minecraft:cobblestone":90},"minecraft:crafted":{"minecraft:oak_planks":80,"minecraft:crafting_table":1,"minecraft:bread":43,"minecraft:stick":4,"minecraft:iron_pickaxe":1,"minecraft:stone_sword":1},"minecraft:killed":{"alexsmobs:lobster":2,"minecraft:spider":1,"alexsmobs:alligator_snapping_turtle":1},"minecraft:mined":{"minecraft:grass_block":7,"minecraft:cobblestone":1,"bloodandmadness:mercury_soaked_stone":2,"minecraft:oak_planks":1,"minecraft:lime_bed":6,"minecraft:birch_leaves":1,"minecraft:bee_nest":1,"minecraft:grass":9,"minecraft:oak_log":16,"minecraft:beetroots":1,"minecraft:sand":1,"minecraft:dirt":5},"minecraft:custom":{"minecraft:mob_kills":4,"minecraft:interact_with_crafting_table":4,"minecraft:play_one_minute":116703,"minecraft:leave_game":3,"minecraft:time_since_death":19448,"minecraft:sleep_in_bed":7,"minecraft:climb_one_cm":1673,"minecraft:time_since_rest":497,"minecraft:sprint_one_cm":337014,"minecraft:damage_taken":2134,"minecraft:walk_one_cm":148612,"minecraft:drop":27,"minecraft:damage_dealt":1163,"minecraft:swim_one_cm":76107,"minecraft:fly_one_cm":559638,"minecraft:open_chest":6,"minecraft:crouch_one_cm":23526,"minecraft:deaths":2,"minecraft:sneak_time":8374,"minecraft:walk_under_water_one_cm":16244,"minecraft:jump":2412,"minecraft:walk_on_water_one_cm":26779,"minecraft:fall_one_cm":68983},"minecraft:dropped":{"minecraft:bread":8,"rats:plague_essence":1,"dead_guys_untitled_deep_dark_:dahlia_petal":1,"minecraft:wheat":2,"minecraft:rotten_flesh":2,"minecraft:light_weighted_pressure_plate":2,"minecraft:dirt":2,"alexsmobs:lobster_tail":1,"minecraft:diorite":8,"minecraft:iron_chestplate":1,"bloodandmadness:coldblood_dew":39,"minecraft:beetroot_seeds":1,"minecraft:golden_hoe":1,"dead_guys_untitled_deep_dark_:warden_spawn_egg":1,"bloodandmadness:raw_quicksilver":2,"rats:raw_rat":2,"alexsmobs:raccoon_tail":1,"minecraft:chiseled_sandstone":5,"minecraft:bone":1},"minecraft:used":{"minecraft:beetroot":1,"minecraft:oak_planks":68,"minecraft:cut_sandstone":2,"minecraft:sandstone_wall":2,"minecraft:sand":3,"minecraft:dirt":10,"minecraft:lime_bed":6,"minecraft:crafting_table":1,"minecraft:bread":45,"minecraft:iron_pickaxe":3,"minecraft:golden_sword":31,"minecraft:cobblestone":28,"minecraft:sweet_berries":1,"alexsmobs:animal_dictionary":4}},"DataVersion":2586}