{"stats":{"minecraft:mined":{"minecraft:oak_sapling":1,"minecraft:dandelion":3,"minecraft:crafting_table":1,"minecraft:granite":8,"minecraft:grass_block":3,"minecraft:chest":1,"minecraft:tall_grass":2,"minecraft:cobblestone":12,"minecraft:oak_planks":2,"minecraft:diorite":3,"minecraft:wall_torch":3,"minecraft:iron_ore":13,"minecraft:andesite":1,"minecraft:grass":52,"minecraft:oak_log":15,"minecraft:coal_ore":6,"minecraft:sunflower":1,"minecraft:light_gray_concrete":3,"minecraft:gravel":22,"minecraft:sand":67,"minecraft:dirt":18,"minecraft:stone":168,"minecraft:oak_leaves":10},"minecraft:crafted":{"minecraft:light_gray_concrete_powder":8,"minecraft:oak_planks":120,"minecraft:stone_shovel":1,"minecraft:cooked_porkchop":6,"minecraft:crafting_table":7,"travelersbackpack:backpack_tank":4,"minecraft:wooden_pickaxe":1,"minecraft:iron_sword":3,"minecraft:furnace":2,"minecraft:cooked_salmon":29,"minecraft:cooked_mutton":18,"minecraft:air":0,"rats:cooked_rat":2,"minecraft:glass":25,"minecraft:iron_chestplate":3,"minecraft:stick":8,"minecraft:iron_ingot":52,"minecraft:stone_pickaxe":2,"minecraft:chest":5,"cgm:workbench":1},"minecraft:killed_by":{"alexsmobs:raccoon":1,"alexsmobs:cachalot_whale":1},"minecraft:picked_up":{"minecraft:iron_chestplate":1,"minecraft:crafting_table":1,"minecraft:chicken":1,"minecraft:andesite":1,"minecraft:salmon":32,"minecraft:brown_wool":1,"minecraft:potato":4,"minecraft:flint":1,"minecraft:light_gray_dye":16,"minecraft:oak_log":16,"rats:rat_pelt":2,"rats:raw_rat":2,"minecraft:dirt":20,"minecraft:cooked_salmon":6,"minecraft:iron_leggings":2,"rats:contaminated_food":2,"minecraft:apple":3,"bloodandmadness:blood_vial":3,"minecraft:wheat_seeds":3,"alexsmobs:emu_feather":2,"minecraft:stone_pickaxe":2,"minecraft:beef":9,"minecraft:iron_ore":40,"minecraft:poppy":1,"minecraft:iron_sword":1,"minecraft:chest":1,"minecraft:oak_planks":9,"minecraft:iron_boots":2,"minecraft:stick":18,"minecraft:torch":3,"minecraft:dandelion":2,"minecraft:gravel":142,"minecraft:porkchop":6,"minecraft:sand":68,"minecraft:diorite":3,"travelersbackpack:standard":1,"minecraft:light_gray_concrete":3,"bloodandmadness:coldblood_dew":76,"minecraft:stone_shovel":1,"minecraft:rotten_flesh":2,"minecraft:stone_axe":2,"minecraft:iron_helmet":2,"minecraft:granite":8,"minecraft:gray_wool":1,"minecraft:bread":2,"minecraft:oak_sapling":4,"minecraft:black_wool":1,"minecraft:mutton":18,"bloodandmadness:blood_stone_shard":4,"minecraft:coal":39,"minecraft:white_wool":9,"minecraft:cobblestone":178,"minecraft:sunflower":1},"minecraft:killed":{"alexsmobs:guster":1,"minecraft:pig":3,"minecraft:salmon":19,"alexsmobs:raccoon":1,"alexsmobs:emu":1,"minecraft:sheep":12,"bloodandmadness:female_beast_patient":3,"minecraft:zombie":1,"bloodandmadness:beast_patient":1,"minecraft:chicken":1,"minecraft:drowned":1},"minecraft:used":{"alexsmobs:spawn_egg_raccoon":1,"minecraft:diorite":1,"minecraft:stone_pickaxe":231,"minecraft:stone_shovel":71,"minecraft:poppy":1,"minecraft:oak_planks":18,"minecraft:chest":6,"minecraft:wooden_pickaxe":17,"minecraft:iron_sword":114,"bloodandmadness:shadow_blade":12,"minecraft:cooked_salmon":11,"minecraft:torch":3,"ob_core:ancient_paladin_spawn_egg":1,"minecraft:dirt":17,"cgm:workbench":1,"mowziesmobs:frostmaw_spawn_egg":1,"minecraft:crafting_table":8,"alexsmobs:spawn_egg_guster":1,"minecraft:light_gray_concrete_powder":8,"minecraft:granite":8,"minecraft:glass":1,"ob_core:hilda_spawn_egg":1,"minecraft:sunflower":1,"aquamirae:maze_mother_spawn_egg":1,"minecraft:stone_axe":21,"dead_guys_untitled_deep_dark_:warden_spawn_egg":1,"travelersbackpack:standard":2,"minecraft:cobblestone":106,"rats:cooked_rat":1,"minecraft:oak_sapling":2,"minecraft:furnace":2,"bloodandmadness:axe_huntsman_spawn_egg":1,"alexsmobs:animal_dictionary":1,"minecraft:cooked_beef":4},"minecraft:broken":{"minecraft:stone_pickaxe":1},"minecraft:dropped":{"minecraft:iron_ingot":1,"minecraft:iron_sword":1,"minecraft:iron_chestplate":1,"rats:cooked_rat":1,"minecraft:cooked_salmon":4,"rats:rat_pelt":1,"travelersbackpack:backpack_tank":4},"minecraft:custom":{"minecraft:interact_with_furnace":75,"minecraft:mob_kills":46,"minecraft:interact_with_crafting_table":28,"minecraft:play_one_minute":118337,"minecraft:leave_game":2,"minecraft:time_since_death":1823,"minecraft:sleep_in_bed":1,"minecraft:time_since_rest":1895,"minecraft:sprint_one_cm":147584,"minecraft:damage_taken":1346,"minecraft:walk_one_cm":204857,"minecraft:drop":13,"minecraft:damage_dealt":6534,"minecraft:swim_one_cm":43847,"minecraft:fly_one_cm":373677,"minecraft:open_chest":63,"minecraft:crouch_one_cm":44522,"minecraft:deaths":3,"minecraft:sneak_time":12522,"minecraft:walk_under_water_one_cm":15073,"minecraft:jump":2120,"minecraft:walk_on_water_one_cm":8974,"minecraft:fall_one_cm":44673}},"DataVersion":2586}