{"stats":{"minecraft:picked_up":{"minecraft:crafting_table":1,"minecraft:iron_chestplate":3,"minecraft:chicken":1,"rats:herb_bundle":1,"minecraft:lead":2,"minecraft:cooked_salmon":11,"minecraft:iron_leggings":4,"rats:contaminated_food":2,"bloodandmadness:blood_vial":4,"alexsmobs:emu_feather":2,"minecraft:beef":9,"minecraft:poppy":1,"minecraft:chest":1,"minecraft:iron_boots":4,"minecraft:stick":18,"minecraft:torch":3,"minecraft:porkchop":6,"minecraft:diorite":3,"minecraft:rotten_flesh":3,"minecraft:stone_shovel":3,"minecraft:tropical_fish":1,"minecraft:mutton":18,"bloodandmadness:blood_stone_shard":7,"minecraft:white_wool":9,"minecraft:cobblestone":178,"minecraft:salmon":42,"minecraft:andesite":1,"minecraft:brown_wool":1,"minecraft:potato":4,"minecraft:flint":2,"minecraft:light_gray_dye":16,"minecraft:oak_log":16,"rats:rat_pelt":5,"rats:raw_rat":3,"minecraft:dirt":20,"minecraft:apple":3,"minecraft:wheat_seeds":4,"minecraft:stone_pickaxe":4,"minecraft:iron_ore":40,"minecraft:oak_planks":9,"minecraft:iron_sword":3,"minecraft:dandelion":2,"minecraft:gravel":152,"minecraft:sand":68,"travelersbackpack:standard":4,"minecraft:light_gray_concrete":3,"bloodandmadness:coldblood_dew":101,"minecraft:stone_axe":4,"minecraft:iron_helmet":4,"minecraft:granite":8,"minecraft:gray_wool":1,"minecraft:bread":2,"minecraft:oak_sapling":4,"minecraft:black_wool":1,"minecraft:coal":39,"minecraft:sunflower":1},"minecraft:broken":{"minecraft:stone_pickaxe":1},"minecraft:crafted":{"minecraft:light_gray_concrete_powder":8,"minecraft:oak_planks":120,"minecraft:stone_shovel":1,"minecraft:furnace":2,"minecraft:cooked_mutton":18,"minecraft:glass":43,"minecraft:stone_pickaxe":2,"minecraft:chest":5,"cgm:workbench":1,"minecraft:cooked_porkchop":6,"minecraft:crafting_table":7,"travelersbackpack:backpack_tank":4,"minecraft:wooden_pickaxe":1,"minecraft:iron_sword":3,"minecraft:cooked_salmon":37,"minecraft:air":0,"rats:cooked_rat":2,"minecraft:iron_chestplate":3,"minecraft:stick":8,"minecraft:iron_ingot":52},"minecraft:killed":{"alexsmobs:raccoon":1,"bloodandmadness:axe_huntsman":1,"minecraft:spider":2,"minecraft:skeleton":4,"bloodandmadness:female_beast_patient":4,"bloodandmadness:beast_patient":4,"minecraft:chicken":1,"minecraft:drowned":1,"minecraft:tropical_fish":1,"alexsmobs:guster":1,"minecraft:pig":3,"minecraft:salmon":31,"bloodandmadness:hunting_dog":1,"bloodandmadness:rifle_huntsman":2,"rats:rat":1,"alexsmobs:emu":1,"minecraft:sheep":12,"minecraft:zombie":1},"minecraft:killed_by":{"alexsmobs:cachalot_whale":2,"alexsmobs:tiger":1,"alexsmobs:raccoon":1},"minecraft:mined":{"minecraft:oak_sapling":1,"minecraft:granite":8,"minecraft:grass_block":3,"minecraft:iron_ore":13,"minecraft:andesite":1,"minecraft:light_gray_concrete":3,"minecraft:stone":168,"minecraft:dandelion":3,"travelersbackpack:standard":3,"minecraft:crafting_table":1,"minecraft:chest":1,"minecraft:tall_grass":3,"minecraft:cobblestone":12,"minecraft:oak_planks":2,"minecraft:diorite":3,"minecraft:wall_torch":3,"minecraft:grass":55,"minecraft:oak_log":15,"minecraft:coal_ore":6,"minecraft:sunflower":1,"minecraft:gravel":24,"minecraft:sand":67,"minecraft:dirt":18,"minecraft:oak_leaves":13},"minecraft:used":{"minecraft:tropical_fish":1,"minecraft:stone_shovel":71,"minecraft:poppy":1,"minecraft:chest":6,"minecraft:iron_sword":179,"minecraft:cooked_salmon":22,"minecraft:torch":3,"minecraft:dirt":17,"ob_core:ancient_paladin_spawn_egg":1,"cgm:workbench":1,"mowziesmobs:frostmaw_spawn_egg":1,"cgm:rifle":26,"minecraft:granite":8,"minecraft:glass":1,"dead_guys_untitled_deep_dark_:warden_spawn_egg":1,"rats:cooked_rat":1,"minecraft:furnace":2,"minecraft:oak_sapling":2,"bloodandmadness:blood_vial":1,"minecraft:cooked_beef":4,"alexsmobs:spawn_egg_raccoon":1,"minecraft:diorite":1,"minecraft:stone_pickaxe":234,"minecraft:oak_planks":18,"alexsmobs:spawn_egg_tiger":1,"minecraft:wooden_pickaxe":17,"bloodandmadness:shadow_blade":12,"minecraft:crafting_table":8,"alexsmobs:spawn_egg_guster":1,"cgm:bazooka":1,"minecraft:light_gray_concrete_powder":8,"ob_core:hilda_spawn_egg":1,"minecraft:sunflower":1,"minecraft:map":6,"aquamirae:maze_mother_spawn_egg":1,"minecraft:gravel":3,"minecraft:stone_axe":29,"minecraft:cobblestone":106,"travelersbackpack:standard":3,"bloodandmadness:axe_huntsman_spawn_egg":1,"minecraft:andesite":1,"alexsmobs:animal_dictionary":1},"minecraft:custom":{"minecraft:mob_kills":76,"minecraft:interact_with_crafting_table":28,"minecraft:leave_game":3,"minecraft:time_since_death":43584,"minecraft:sprint_one_cm":220592,"minecraft:walk_one_cm":303079,"minecraft:drop":27,"minecraft:deaths":5,"minecraft:sneak_time":16734,"minecraft:walk_under_water_one_cm":27597,"minecraft:jump":2920,"minecraft:walk_on_water_one_cm":18280,"minecraft:interact_with_furnace":92,"minecraft:play_one_minute":177411,"minecraft:sleep_in_bed":3,"minecraft:time_since_rest":43636,"minecraft:damage_taken":2635,"minecraft:damage_dealt":9698,"minecraft:swim_one_cm":75138,"minecraft:fly_one_cm":795436,"minecraft:open_chest":67,"minecraft:crouch_one_cm":55392,"minecraft:fall_one_cm":61926},"minecraft:dropped":{"minecraft:iron_ingot":1,"minecraft:iron_sword":1,"minecraft:wheat_seeds":1,"minecraft:cooked_salmon":5,"travelersbackpack:backpack_tank":4,"minecraft:iron_chestplate":1,"rats:cooked_rat":1,"rats:rat_pelt":1,"minecraft:glass":12}},"DataVersion":2586}