{"stats":{"minecraft:picked_up":{"minecraft:crafting_table":1,"minecraft:iron_chestplate":3,"minecraft:chicken":1,"rats:herb_bundle":1,"minecraft:lead":2,"minecraft:brewing_stand":1,"minecraft:string":2,"minecraft:cooked_salmon":11,"minecraft:flint_and_steel":1,"minecraft:iron_leggings":4,"rats:contaminated_food":4,"minecraft:beetroot":1,"bloodandmadness:blood_vial":11,"alexsmobs:emu_feather":4,"minecraft:beef":20,"minecraft:poppy":5,"minecraft:sugar_cane":2,"minecraft:chest":8,"minecraft:birch_sapling":1,"minecraft:iron_boots":4,"minecraft:furnace":3,"minecraft:stick":24,"minecraft:torch":4,"minecraft:porkchop":15,"alexsmobs:spawn_egg_gorilla":1,"minecraft:diorite":5,"minecraft:dark_oak_planks":20,"minecraft:arrow":3,"minecraft:stone_shovel":3,"minecraft:rotten_flesh":7,"bloodandmadness:molotov_cocktail":1,"minecraft:tropical_fish":1,"minecraft:beetroot_seeds":3,"minecraft:peony":1,"alexsmobs:spawn_egg_shoebill":1,"minecraft:mutton":25,"bloodandmadness:blood_stone_shard":9,"minecraft:snowball":30,"minecraft:white_wool":9,"minecraft:cobblestone":314,"minecraft:birch_log":56,"minecraft:feather":6,"minecraft:andesite":2,"minecraft:salmon":42,"minecraft:brown_wool":2,"minecraft:dark_oak_boat":1,"minecraft:potato":4,"minecraft:birch_planks":19,"minecraft:flint":2,"minecraft:light_gray_dye":16,"minecraft:oak_log":34,"rats:rat_pelt":6,"rats:raw_rat":3,"minecraft:dirt":312,"minecraft:cooked_mutton":5,"minecraft:bone":1,"minecraft:apple":6,"minecraft:wheat_seeds":14,"minecraft:stone_pickaxe":4,"minecraft:iron_ingot":3,"minecraft:iron_ore":40,"minecraft:iron_sword":3,"minecraft:oak_planks":12,"minecraft:dandelion":2,"minecraft:gravel":156,"minecraft:birch_stairs":1,"minecraft:sand":69,"minecraft:white_bed":16,"minecraft:dark_oak_log":133,"cgm:shell":1,"travelersbackpack:standard":5,"minecraft:light_gray_concrete":8,"bloodandmadness:coldblood_dew":302,"minecraft:sugar":1,"minecraft:stone_axe":4,"minecraft:iron_helmet":4,"minecraft:granite":8,"minecraft:gray_wool":2,"minecraft:bread":16,"alexsmobs:maggot":2,"minecraft:oak_sapling":5,"minecraft:black_wool":2,"minecraft:coal":158,"minecraft:sunflower":1},"minecraft:broken":{"minecraft:stone_pickaxe":2,"minecraft:stone_axe":2,"minecraft:stone_shovel":2},"minecraft:crafted":{"minecraft:light_gray_concrete_powder":8,"minecraft:oak_planks":188,"minecraft:stone_shovel":3,"minecraft:furnace":2,"minecraft:cooked_mutton":18,"minecraft:glass":43,"minecraft:stone_pickaxe":4,"minecraft:chest":5,"minecraft:dark_oak_planks":268,"minecraft:stone_hoe":1,"cgm:workbench":1,"minecraft:cooked_beef":11,"minecraft:cooked_porkchop":9,"minecraft:dark_oak_stairs":4,"minecraft:crafting_table":7,"travelersbackpack:backpack_tank":4,"minecraft:wooden_pickaxe":1,"minecraft:iron_sword":3,"minecraft:cooked_salmon":37,"minecraft:birch_planks":224,"minecraft:stone_axe":2,"minecraft:air":0,"rats:cooked_rat":2,"minecraft:iron_chestplate":3,"minecraft:stick":24,"minecraft:iron_ingot":52,"minecraft:birch_stairs":16},"minecraft:killed":{"alexsmobs:raccoon":1,"bloodandmadness:axe_huntsman":1,"minecraft:spider":4,"bloodandmadness:female_beast_patient":5,"minecraft:skeleton":6,"bloodandmadness:beast_patient":4,"minecraft:chicken":1,"minecraft:drowned":7,"minecraft:tropical_fish":1,"alexsmobs:guster":1,"minecraft:pig":3,"minecraft:salmon":34,"bloodandmadness:hunting_dog":2,"bloodandmadness:rifle_huntsman":2,"rats:rat":1,"alexsmobs:emu":1,"minecraft:sheep":12,"minecraft:zombie":4},"minecraft:killed_by":{"alexsmobs:cachalot_whale":2,"alexsmobs:tiger":1,"alexsmobs:raccoon":1},"minecraft:mined":{"minecraft:dark_oak_planks":20,"minecraft:white_bed":24,"minecraft:oak_sapling":1,"minecraft:farmland":3,"minecraft:dark_oak_log":140,"minecraft:brewing_stand":1,"minecraft:granite":8,"minecraft:grass_block":207,"minecraft:furnace":3,"minecraft:iron_ore":13,"minecraft:fire":86,"minecraft:snow":8,"minecraft:andesite":1,"minecraft:light_gray_concrete":3,"minecraft:stone":168,"minecraft:birch_stairs":1,"minecraft:dandelion":3,"travelersbackpack:standard":3,"minecraft:crafting_table":1,"minecraft:torch":1,"minecraft:chest":8,"minecraft:glass":3,"minecraft:tall_grass":3,"minecraft:cobblestone":115,"minecraft:sugar_cane":2,"minecraft:oak_planks":5,"minecraft:diorite":3,"minecraft:wall_torch":3,"minecraft:birch_planks":20,"minecraft:birch_log":56,"minecraft:birch_leaves":2,"minecraft:grass":71,"minecraft:oak_log":33,"minecraft:coal_ore":6,"minecraft:beetroots":1,"minecraft:sunflower":1,"minecraft:gravel":24,"minecraft:sand":67,"minecraft:dirt":53,"minecraft:oak_leaves":31},"minecraft:custom":{"minecraft:mob_kills":99,"minecraft:interact_with_crafting_table":39,"minecraft:leave_game":4,"minecraft:time_since_death":124369,"minecraft:sprint_one_cm":410907,"minecraft:walk_one_cm":604932,"minecraft:drop":67,"minecraft:sneak_time":42598,"minecraft:deaths":6,"minecraft:walk_under_water_one_cm":34713,"minecraft:boat_one_cm":132503,"minecraft:jump":4789,"minecraft:interact_with_brewingstand":1,"minecraft:walk_on_water_one_cm":26583,"minecraft:interact_with_furnace":106,"minecraft:play_one_minute":303232,"minecraft:sleep_in_bed":10,"minecraft:time_since_rest":15376,"minecraft:damage_taken":4276,"minecraft:damage_dealt":13666,"minecraft:swim_one_cm":90992,"minecraft:fly_one_cm":1154174,"minecraft:player_kills":1,"minecraft:open_chest":74,"minecraft:crouch_one_cm":170326,"minecraft:fall_one_cm":105463,"minecraft:horse_one_cm":13107},"minecraft:used":{"minecraft:flint_and_steel":9,"bloodandmadness:molotov_cocktail":1,"minecraft:tropical_fish":1,"minecraft:stone_shovel":302,"minecraft:poppy":2,"minecraft:chest":9,"minecraft:iron_sword":260,"minecraft:cooked_salmon":22,"minecraft:stone_hoe":5,"minecraft:bee_spawn_egg":1,"minecraft:torch":3,"ob_core:ancient_paladin_spawn_egg":1,"minecraft:dirt":24,"cgm:workbench":1,"mowziesmobs:frostmaw_spawn_egg":1,"cgm:rifle":26,"minecraft:snowball":14,"minecraft:granite":8,"minecraft:glass":1,"minecraft:dark_oak_planks":214,"alexsmobs:spawn_egg_gorilla":1,"dead_guys_untitled_deep_dark_:warden_spawn_egg":1,"rats:cooked_rat":1,"minecraft:dark_oak_boat":1,"minecraft:oak_sapling":2,"minecraft:furnace":4,"alexsmobs:spawn_egg_shoebill":1,"bloodandmadness:blood_vial":5,"minecraft:cooked_beef":13,"minecraft:cooked_mutton":5,"alexsmobs:spawn_egg_raccoon":1,"minecraft:dark_oak_stairs":2,"minecraft:diorite":1,"minecraft:birch_planks":625,"minecraft:stone_pickaxe":347,"minecraft:oak_planks":21,"alexsmobs:spawn_egg_tiger":1,"minecraft:wooden_pickaxe":17,"bloodandmadness:shadow_blade":12,"minecraft:crafting_table":8,"alexsmobs:spawn_egg_crocodile":1,"alexsmobs:spawn_egg_guster":1,"minecraft:white_bed":15,"cgm:bazooka":1,"minecraft:light_gray_concrete_powder":8,"ob_core:hilda_spawn_egg":1,"minecraft:dark_oak_log":130,"minecraft:sunflower":1,"minecraft:bread":8,"minecraft:map":6,"aquamirae:maze_mother_spawn_egg":1,"minecraft:gravel":3,"minecraft:stone_axe":315,"travelersbackpack:standard":3,"minecraft:cobblestone":178,"minecraft:cooked_porkchop":3,"bloodandmadness:axe_huntsman_spawn_egg":1,"minecraft:andesite":1,"alexsmobs:animal_dictionary":1,"minecraft:birch_stairs":15},"minecraft:dropped":{"minecraft:iron_ingot":1,"minecraft:bread":6,"minecraft:iron_sword":1,"minecraft:wheat_seeds":8,"minecraft:oak_log":1,"minecraft:cobblestone":6,"minecraft:feather":6,"travelersbackpack:standard":1,"minecraft:stick":6,"minecraft:bee_spawn_egg":1,"minecraft:gray_wool":1,"minecraft:diorite":2,"minecraft:cooked_salmon":5,"minecraft:sand":1,"travelersbackpack:backpack_tank":4,"rats:contaminated_food":2,"minecraft:dandelion":2,"minecraft:bone":2,"minecraft:furnace":1,"minecraft:beetroot":1,"minecraft:rotten_flesh":3,"minecraft:poppy":1,"minecraft:iron_chestplate":1,"bloodandmadness:coldblood_dew":1,"minecraft:andesite":1,"rats:cooked_rat":1,"minecraft:oak_sapling":2,"rats:rat_pelt":5,"bloodandmadness:blood_stone_shard":5,"minecraft:glass":14,"minecraft:black_wool":1}},"DataVersion":2586}