{"stats":{"minecraft:crafted":{"minecraft:oak_planks":76,"minecraft:bread":43},"minecraft:used":{"minecraft:beetroot":1,"minecraft:bread":32,"minecraft:oak_planks":26,"minecraft:cut_sandstone":2,"minecraft:sandstone_wall":2,"minecraft:dirt":10,"minecraft:golden_sword":14,"minecraft:sand":3,"minecraft:lime_bed":5,"minecraft:sweet_berries":1,"alexsmobs:animal_dictionary":4},"minecraft:dropped":{"alexsmobs:lobster_tail":1,"minecraft:iron_chestplate":1,"rats:raw_rat":2,"alexsmobs:raccoon_tail":1},"minecraft:custom":{"minecraft:time_since_rest":13155,"minecraft:sprint_one_cm":263950,"minecraft:damage_taken":936,"minecraft:walk_one_cm":86975,"minecraft:mob_kills":3,"minecraft:drop":5,"minecraft:damage_dealt":365,"minecraft:swim_one_cm":72730,"minecraft:interact_with_crafting_table":1,"minecraft:fly_one_cm":441173,"minecraft:open_chest":6,"minecraft:play_one_minute":86117,"minecraft:crouch_one_cm":10840,"minecraft:sneak_time":3584,"minecraft:walk_under_water_one_cm":11225,"minecraft:jump":1877,"minecraft:leave_game":1,"minecraft:walk_on_water_one_cm":15551,"minecraft:time_since_death":86117,"minecraft:sleep_in_bed":6,"minecraft:climb_one_cm":1673,"minecraft:fall_one_cm":50243},"minecraft:picked_up":{"minecraft:lime_bed":6,"minecraft:iron_chestplate":1,"minecraft:wheat":131,"minecraft:sweet_berries":6,"minecraft:cut_sandstone":3,"minecraft:lead":2,"minecraft:sandstone_wall":2,"minecraft:sand":22,"minecraft:oak_log":20,"rats:raw_rat":2,"minecraft:dirt":12,"bloodandmadness:coldblood_dew":24,"minecraft:rotten_flesh":2,"minecraft:beetroot":1,"minecraft:beetroot_seeds":1,"minecraft:bread":6,"alexsmobs:raccoon_tail":1,"alexsmobs:lobster_tail":1},"minecraft:killed":{"alexsmobs:alligator_snapping_turtle":1,"alexsmobs:lobster":2},"minecraft:mined":{"minecraft:lime_bed":6,"minecraft:birch_leaves":1,"minecraft:bee_nest":1,"minecraft:grass":8,"minecraft:grass_block":7,"minecraft:oak_log":16,"minecraft:beetroots":1,"minecraft:dirt":5}},"DataVersion":2586}