{"stats":{"minecraft:broken":{"minecraft:iron_boots":1,"minecraft:iron_chestplate":1,"minecraft:iron_leggings":1,"minecraft:stone_pickaxe":2,"minecraft:stone_axe":3,"minecraft:iron_sword":1,"minecraft:stone_shovel":3,"minecraft:iron_helmet":1},"minecraft:used":{"alexsmobs:emu_egg":9,"minecraft:beetroot":6,"minecraft:poppy":2,"minecraft:chest":15,"minecraft:iron_sword":268,"mowziesmobs:frostmaw_spawn_egg":1,"minecraft:carrot":88,"minecraft:snowball":14,"minecraft:glass":274,"alexsmobs:spawn_egg_gorilla":1,"minecraft:dark_oak_slab":46,"bloodandmadness:church_doctor_spawn_egg":1,"rats:cooked_rat":1,"minecraft:dark_oak_boat":1,"minecraft:sweet_berries":16,"minecraft:furnace":4,"minecraft:oak_sapling":2,"minecraft:beetroot_seeds":6,"bloodandmadness:blood_vial":9,"alexsmobs:spawn_egg_raccoon":1,"minecraft:dark_oak_stairs":4,"minecraft:diorite":1,"minecraft:stone_pickaxe":352,"minecraft:oak_planks":38,"minecraft:orange_tulip":6,"minecraft:wooden_pickaxe":17,"minecraft:oak_leaves":202,"minecraft:sand":1,"alexsmobs:spawn_egg_guster":1,"cgm:bazooka":1,"minecraft:shears":210,"minecraft:dark_oak_log":179,"minecraft:birch_slab":22,"minecraft:bread":8,"minecraft:gravel":3,"bloodandmadness:axe_huntsman_spawn_egg":1,"minecraft:dark_oak_fence":11,"minecraft:andesite":1,"minecraft:experience_bottle":2,"minecraft:oak_fence":2,"minecraft:oak_trapdoor":1,"bloodandmadness:molotov_cocktail":1,"minecraft:stone_sword":118,"minecraft:flint_and_steel":34,"minecraft:tropical_fish":1,"minecraft:stone_shovel":402,"minecraft:cooked_salmon":24,"minecraft:stone_hoe":5,"minecraft:bee_spawn_egg":19,"minecraft:torch":4,"minecraft:anvil":1,"minecraft:dirt":126,"ob_core:ancient_paladin_spawn_egg":1,"cgm:workbench":1,"minecraft:bee_nest":2,"cgm:rifle":26,"minecraft:granite":8,"minecraft:dark_oak_planks":528,"minecraft:red_tulip":3,"dead_guys_untitled_deep_dark_:warden_spawn_egg":1,"alexsmobs:spawn_egg_blobfish":3,"alexsmobs:spawn_egg_shoebill":1,"tombstone:gift":5,"minecraft:cooked_beef":20,"minecraft:enchanted_golden_apple":1,"minecraft:cooked_mutton":19,"minecraft:water_bucket":14,"minecraft:birch_planks":761,"minecraft:lead":2,"alexsmobs:spawn_egg_tiger":1,"bloodandmadness:shadow_blade":12,"minecraft:salmon":1,"minecraft:oak_slab":30,"minecraft:crafting_table":16,"alexsmobs:spawn_egg_crocodile":1,"minecraft:white_bed":16,"minecraft:light_gray_concrete_powder":8,"minecraft:dark_oak_door":7,"minecraft:oak_log":40,"ob_core:hilda_spawn_egg":1,"minecraft:cornflower":5,"minecraft:apple":2,"minecraft:oxeye_daisy":3,"minecraft:sunflower":1,"minecraft:map":6,"aquamirae:maze_mother_spawn_egg":1,"minecraft:stone_axe":471,"minecraft:cobblestone":178,"travelersbackpack:standard":9,"minecraft:cooked_porkchop":9,"minecraft:bucket":13,"minecraft:yellow_bed":2,"alexsmobs:animal_dictionary":1,"minecraft:birch_stairs":19},"minecraft:crafted":{"minecraft:light_gray_concrete_powder":8,"minecraft:oak_planks":220,"minecraft:birch_slab":12,"minecraft:cooked_mutton":24,"minecraft:dark_oak_door":6,"minecraft:glass":122,"minecraft:chest":11,"minecraft:stone_hoe":2,"minecraft:oak_fence":3,"minecraft:glass_bottle":6,"minecraft:oak_slab":30,"minecraft:cooked_porkchop":15,"minecraft:crafting_table":7,"minecraft:wooden_pickaxe":1,"minecraft:birch_planks":224,"minecraft:dark_oak_slab":42,"minecraft:iron_chestplate":3,"minecraft:stick":40,"minecraft:iron_ingot":59,"minecraft:stone_sword":1,"minecraft:birch_stairs":16,"minecraft:shears":1,"minecraft:stone_shovel":5,"minecraft:furnace":2,"minecraft:oak_trapdoor":2,"minecraft:dark_oak_fence":15,"minecraft:stone_pickaxe":4,"minecraft:dark_oak_planks":368,"cgm:workbench":1,"minecraft:cooked_beef":11,"minecraft:dark_oak_stairs":4,"travelersbackpack:backpack_tank":4,"minecraft:iron_sword":3,"minecraft:cooked_salmon":39,"minecraft:dark_oak_button":10,"minecraft:stone_axe":3,"minecraft:air":0,"rats:cooked_rat":2},"minecraft:custom":{"minecraft:interact_with_crafting_table":47,"minecraft:leave_game":8,"minecraft:time_since_death":19881,"minecraft:damage_resisted":4,"minecraft:sprint_one_cm":927980,"minecraft:drop":225,"minecraft:deaths":15,"minecraft:jump":8553,"minecraft:interact_with_brewingstand":1,"minecraft:walk_on_water_one_cm":44526,"minecraft:interact_with_furnace":119,"minecraft:play_one_minute":598887,"minecraft:sleep_in_bed":22,"minecraft:damage_dealt":18993,"minecraft:player_kills":1,"minecraft:crouch_one_cm":301192,"minecraft:horse_one_cm":13107,"minecraft:interact_with_anvil":2,"minecraft:mob_kills":127,"minecraft:walk_one_cm":1311387,"minecraft:sneak_time":73542,"minecraft:walk_under_water_one_cm":42557,"minecraft:boat_one_cm":132503,"minecraft:time_since_rest":18292,"minecraft:damage_taken":9198,"minecraft:swim_one_cm":106269,"minecraft:fly_one_cm":1851517,"minecraft:open_chest":121,"minecraft:fall_one_cm":189123},"minecraft:dropped":{"minecraft:iron_sword":2,"minecraft:birch_planks":3,"minecraft:oak_log":1,"bloodandmadness:blood_vial":9,"minecraft:glass_bottle":6,"bloodandmadness:quicksilver_bullet":6,"minecraft:dark_oak_slab":38,"minecraft:dark_oak_button":8,"travelersbackpack:standard":9,"minecraft:flint":12,"minecraft:dirt":127,"minecraft:dark_oak_fence":6,"alexsmobs:emu_feather":2,"minecraft:sand":1,"travelersbackpack:backpack_tank":4,"alexsmobs:raccoon_tail":1,"minecraft:dark_oak_boat":1,"rats:contaminated_food":2,"minecraft:white_wool":3,"minecraft:bone":2,"minecraft:dark_oak_door":1,"alexsmobs:animal_dictionary":2,"alexsmobs:crocodile_egg":1,"minecraft:beetroot":1,"minecraft:rotten_flesh":13,"minecraft:enchanted_golden_apple":1,"minecraft:golden_shovel":1,"alexsmobs:emu_egg":8,"minecraft:honey_bottle":11,"minecraft:white_bed":1,"minecraft:salmon":38,"minecraft:carrot":7,"minecraft:poppy":1,"bloodandmadness:coldblood_dew":330,"minecraft:beetroot_seeds":3,"rats:rat_pelt":5,"minecraft:arrow":16,"minecraft:glass":16,"minecraft:iron_ingot":14,"minecraft:bread":38,"minecraft:wheat_seeds":14,"minecraft:golden_horse_armor":1,"minecraft:feather":6,"minecraft:golden_axe":1,"minecraft:cobblestone":6,"minecraft:lead":7,"minecraft:grass_block":2,"minecraft:stick":8,"minecraft:bee_spawn_egg":1,"minecraft:gray_wool":1,"minecraft:diorite":2,"minecraft:torch":1,"minecraft:green_dye":2,"alexsmobs:fish_oil":1,"minecraft:cooked_salmon":5,"minecraft:string":7,"minecraft:bucket":2,"minecraft:dandelion":2,"minecraft:furnace":1,"alexsmobs:maggot":1,"minecraft:oak_trapdoor":2,"minecraft:stone_sword":2,"minecraft:experience_bottle":4,"alexsmobs:blobfish":1,"alexsmobs:frontier_cap":1,"minecraft:shears":3,"minecraft:flint_and_steel":2,"minecraft:hay_block":16,"minecraft:spruce_planks":2,"minecraft:iron_chestplate":2,"minecraft:andesite":1,"rats:cooked_rat":1,"minecraft:oak_sapling":2,"bloodandmadness:blood_stone_shard":12,"minecraft:stone_pickaxe":3,"minecraft:black_wool":1},"minecraft:mined":{"minecraft:dark_oak_planks":55,"minecraft:white_bed":24,"minecraft:oak_sapling":1,"minecraft:farmland":3,"minecraft:brewing_stand":1,"minecraft:granite":8,"minecraft:grass_block":262,"minecraft:oxeye_daisy":3,"minecraft:tall_seagrass":2,"minecraft:iron_ore":13,"minecraft:fire":101,"minecraft:red_tulip":3,"minecraft:light_gray_concrete":3,"minecraft:torch":1,"minecraft:chest":8,"minecraft:glass":56,"minecraft:cobblestone":115,"minecraft:sugar_cane":22,"minecraft:oak_planks":5,"minecraft:wall_torch":5,"minecraft:seagrass":1,"minecraft:dark_oak_slab":23,"minecraft:dark_oak_door":2,"minecraft:birch_log":56,"minecraft:wheat":1,"minecraft:orange_tulip":6,"minecraft:grass":105,"minecraft:oak_log":42,"minecraft:beetroots":7,"minecraft:sand":99,"minecraft:dirt":76,"minecraft:oak_leaves":266,"minecraft:dark_oak_log":151,"gravestone:gravestone":2,"minecraft:dark_oak_fence":1,"minecraft:birch_slab":9,"minecraft:furnace":3,"minecraft:carrots":34,"minecraft:snow":8,"minecraft:andesite":1,"minecraft:stone":168,"minecraft:oak_slab":10,"minecraft:birch_stairs":3,"minecraft:dandelion":3,"travelersbackpack:standard":9,"minecraft:crafting_table":7,"minecraft:cornflower":5,"minecraft:tall_grass":7,"minecraft:diorite":3,"minecraft:birch_planks":63,"minecraft:sweet_berry_bush":5,"minecraft:birch_leaves":2,"minecraft:coal_ore":6,"minecraft:sunflower":1,"minecraft:gravel":24},"minecraft:picked_up":{"minecraft:iron_chestplate":9,"rats:herb_bundle":1,"minecraft:lead":57,"minecraft:golden_shovel":1,"minecraft:brewing_stand":1,"minecraft:string":11,"minecraft:cooked_salmon":11,"minecraft:iron_leggings":8,"rats:contaminated_food":4,"minecraft:experience_bottle":6,"minecraft:beetroot":7,"alexsmobs:emu_feather":4,"minecraft:bucket":2,"minecraft:spruce_planks":1,"alexsmobs:raccoon_tail":1,"minecraft:furnace":3,"minecraft:iron_boots":8,"minecraft:dark_oak_door":4,"minecraft:stick":37,"minecraft:torch":6,"minecraft:porkchop":15,"minecraft:golden_axe":1,"minecraft:diorite":5,"minecraft:stone_sword":3,"minecraft:honey_bottle":4,"minecraft:rotten_flesh":22,"minecraft:tropical_fish":1,"bloodandmadness:molotov_cocktail":1,"minecraft:red_tulip":3,"alexsmobs:fish_oil":1,"bloodandmadness:blood_stone_shard":17,"minecraft:snowball":46,"minecraft:cobblestone":478,"minecraft:birch_log":56,"minecraft:feather":6,"minecraft:birch_slab":10,"minecraft:water_bucket":2,"minecraft:andesite":2,"minecraft:brown_wool":2,"minecraft:dark_oak_boat":2,"minecraft:potato":4,"alexsmobs:bear_fur":2,"minecraft:flint":31,"minecraft:light_gray_dye":16,"rats:raw_rat":4,"minecraft:dirt":672,"minecraft:glass":37,"minecraft:bone":1,"minecraft:orange_tulip":6,"minecraft:wheat_seeds":36,"alexsmobs:blobfish":3,"minecraft:oak_planks":93,"minecraft:sand":101,"minecraft:grass_block":2,"minecraft:dark_oak_log":145,"cgm:shell":5,"minecraft:light_gray_concrete":8,"minecraft:sugar":1,"minecraft:granite":8,"minecraft:golden_horse_armor":1,"minecraft:bread":48,"alexsmobs:maggot":3,"minecraft:oak_sapling":5,"minecraft:dark_oak_fence":8,"minecraft:oak_leaves":268,"minecraft:crafting_table":15,"minecraft:chicken":1,"minecraft:golden_pickaxe":1,"minecraft:cornflower":5,"minecraft:flint_and_steel":6,"bloodandmadness:blood_vial":37,"minecraft:beef":20,"minecraft:poppy":5,"minecraft:sugar_cane":44,"minecraft:chest":8,"minecraft:birch_sapling":1,"minecraft:fire_charge":2,"alexsmobs:spawn_egg_gorilla":1,"minecraft:carrot":126,"minecraft:dark_oak_planks":69,"minecraft:arrow":20,"minecraft:stone_shovel":4,"minecraft:beetroot_seeds":18,"minecraft:peony":1,"minecraft:shears":6,"minecraft:hay_block":16,"alexsmobs:spawn_egg_blobfish":2,"alexsmobs:spawn_egg_shoebill":1,"minecraft:mutton":39,"alexsmobs:frontier_cap":1,"minecraft:white_wool":12,"minecraft:oxeye_daisy":3,"minecraft:dark_oak_button":4,"minecraft:salmon":79,"minecraft:birch_planks":143,"minecraft:oak_log":84,"rats:rat_pelt":6,"minecraft:cooked_mutton":5,"bloodandmadness:quicksilver_bullet":11,"minecraft:apple":8,"minecraft:iron_ingot":11,"minecraft:stone_pickaxe":10,"minecraft:iron_ore":40,"minecraft:glass_bottle":12,"minecraft:iron_sword":4,"minecraft:green_dye":3,"minecraft:oak_slab":22,"minecraft:dark_oak_slab":61,"minecraft:sweet_berries":14,"minecraft:dandelion":2,"minecraft:gravel":156,"minecraft:birch_stairs":3,"minecraft:white_bed":16,"travelersbackpack:standard":28,"bloodandmadness:coldblood_dew":597,"minecraft:stone_axe":8,"minecraft:iron_helmet":6,"minecraft:gray_wool":2,"minecraft:black_wool":2,"minecraft:coal":158,"minecraft:sunflower":1},"minecraft:killed_by":{"alexsmobs:cachalot_whale":2,"bloodandmadness:hunting_dog":1,"alexsmobs:crocodile":1,"bloodandmadness:large_huntsman_spear":1,"bloodandmadness:father_gascoigne_beast":1,"alexsmobs:grizzly_bear":2,"alexsmobs:tiger":1,"alexsmobs:raccoon":1},"minecraft:killed":{"minecraft:spider":8,"bloodandmadness:female_beast_patient":7,"minecraft:skeleton":8,"bloodandmadness:beast_patient":8,"minecraft:chicken":1,"minecraft:tropical_fish":1,"minecraft:pig":3,"bloodandmadness:pitchfork_huntsman":1,"minecraft:salmon":35,"bloodandmadness:saber_huntsman":1,"bloodandmadness:hunting_dog":2,"bloodandmadness:rifle_huntsman":3,"rats:rat":2,"minecraft:sheep":12,"minecraft:zombie":10,"alexsmobs:fly":1,"alexsmobs:raccoon":1,"bloodandmadness:axe_huntsman":2,"minecraft:drowned":7,"alexsmobs:guster":1,"alexsmobs:emu":1,"minecraft:enderman":1}},"DataVersion":2586}