{"stats":{"minecraft:mined":{"minecraft:oak_sapling":1,"minecraft:dandelion":2,"minecraft:granite":8,"minecraft:grass_block":2,"minecraft:cobblestone":4,"minecraft:oak_planks":2,"minecraft:diorite":3,"minecraft:wall_torch":3,"minecraft:iron_ore":13,"minecraft:grass":35,"minecraft:oak_log":15,"minecraft:sunflower":1,"minecraft:dirt":18,"minecraft:stone":168,"minecraft:oak_leaves":9},"minecraft:used":{"alexsmobs:spawn_egg_raccoon":1,"minecraft:stone_pickaxe":192,"minecraft:oak_planks":18,"minecraft:chest":1,"minecraft:wooden_pickaxe":17,"bloodandmadness:shadow_blade":12,"minecraft:cooked_salmon":2,"minecraft:torch":3,"minecraft:dirt":17,"ob_core:ancient_paladin_spawn_egg":1,"mowziesmobs:frostmaw_spawn_egg":1,"minecraft:crafting_table":7,"alexsmobs:spawn_egg_guster":1,"minecraft:granite":8,"ob_core:hilda_spawn_egg":1,"minecraft:sunflower":1,"aquamirae:maze_mother_spawn_egg":1,"minecraft:stone_axe":8,"dead_guys_untitled_deep_dark_:warden_spawn_egg":1,"minecraft:cobblestone":45,"travelersbackpack:standard":1,"rats:cooked_rat":1,"minecraft:oak_sapling":2,"minecraft:furnace":2,"bloodandmadness:axe_huntsman_spawn_egg":1,"alexsmobs:animal_dictionary":1},"minecraft:broken":{"minecraft:stone_pickaxe":1},"minecraft:killed":{"alexsmobs:guster":1,"minecraft:salmon":6,"alexsmobs:raccoon":1},"minecraft:custom":{"minecraft:interact_with_furnace":33,"minecraft:mob_kills":9,"minecraft:interact_with_crafting_table":12,"minecraft:play_one_minute":45008,"minecraft:leave_game":1,"minecraft:time_since_death":31552,"minecraft:sleep_in_bed":1,"minecraft:time_since_rest":2102,"minecraft:sprint_one_cm":49256,"minecraft:damage_taken":410,"minecraft:walk_one_cm":85513,"minecraft:drop":6,"minecraft:damage_dealt":1429,"minecraft:swim_one_cm":19207,"minecraft:fly_one_cm":186678,"minecraft:open_chest":9,"minecraft:crouch_one_cm":25577,"minecraft:deaths":2,"minecraft:sneak_time":7775,"minecraft:walk_under_water_one_cm":4248,"minecraft:jump":771,"minecraft:walk_on_water_one_cm":2659,"minecraft:fall_one_cm":18159},"minecraft:picked_up":{"minecraft:salmon":19,"minecraft:potato":4,"minecraft:oak_log":16,"rats:raw_rat":1,"minecraft:dirt":19,"minecraft:cooked_salmon":4,"minecraft:apple":3,"bloodandmadness:blood_vial":1,"minecraft:wheat_seeds":2,"minecraft:beef":9,"minecraft:stone_pickaxe":1,"minecraft:iron_ore":36,"minecraft:oak_planks":9,"minecraft:stick":18,"minecraft:torch":3,"minecraft:dandelion":2,"minecraft:sand":2,"minecraft:diorite":3,"bloodandmadness:coldblood_dew":16,"minecraft:stone_axe":1,"minecraft:granite":8,"minecraft:bread":2,"minecraft:oak_sapling":4,"bloodandmadness:blood_stone_shard":1,"minecraft:coal":15,"minecraft:cobblestone":172,"minecraft:sunflower":1},"minecraft:dropped":{"minecraft:iron_sword":1,"minecraft:iron_chestplate":1,"minecraft:cooked_salmon":4},"minecraft:killed_by":{"alexsmobs:raccoon":1},"minecraft:crafted":{"minecraft:oak_planks":64,"minecraft:crafting_table":7,"minecraft:wooden_pickaxe":1,"minecraft:iron_sword":3,"minecraft:furnace":2,"minecraft:cooked_salmon":17,"minecraft:air":0,"rats:cooked_rat":1,"minecraft:iron_chestplate":3,"minecraft:iron_ingot":30,"minecraft:stone_pickaxe":2,"minecraft:chest":1}},"DataVersion":2586}