{"stats":{"minecraft:picked_up":{"minecraft:iron_chestplate":8,"rats:herb_bundle":1,"minecraft:lead":7,"minecraft:golden_shovel":1,"minecraft:brewing_stand":1,"minecraft:string":8,"minecraft:cooked_salmon":11,"minecraft:iron_leggings":8,"rats:contaminated_food":4,"minecraft:experience_bottle":4,"minecraft:beetroot":1,"alexsmobs:emu_feather":4,"minecraft:bucket":1,"minecraft:iron_boots":8,"minecraft:furnace":3,"minecraft:dark_oak_door":2,"minecraft:stick":37,"minecraft:torch":6,"minecraft:porkchop":15,"minecraft:golden_axe":1,"minecraft:diorite":5,"minecraft:stone_sword":2,"minecraft:honey_bottle":1,"minecraft:rotten_flesh":11,"minecraft:tropical_fish":1,"bloodandmadness:molotov_cocktail":1,"alexsmobs:fish_oil":1,"bloodandmadness:blood_stone_shard":13,"minecraft:snowball":46,"minecraft:cobblestone":478,"minecraft:birch_log":56,"minecraft:feather":6,"minecraft:birch_slab":10,"minecraft:water_bucket":2,"minecraft:andesite":2,"minecraft:brown_wool":2,"minecraft:dark_oak_boat":2,"minecraft:potato":4,"minecraft:flint":25,"minecraft:light_gray_dye":16,"rats:raw_rat":3,"minecraft:dirt":615,"minecraft:bone":1,"minecraft:glass":31,"minecraft:wheat_seeds":34,"alexsmobs:blobfish":3,"minecraft:oak_planks":93,"minecraft:sand":101,"minecraft:dark_oak_log":140,"cgm:shell":4,"minecraft:light_gray_concrete":8,"minecraft:sugar":1,"minecraft:granite":8,"minecraft:golden_horse_armor":1,"minecraft:bread":48,"alexsmobs:maggot":3,"minecraft:oak_sapling":5,"minecraft:dark_oak_fence":5,"minecraft:oak_leaves":268,"minecraft:crafting_table":15,"minecraft:chicken":1,"minecraft:golden_pickaxe":1,"minecraft:flint_and_steel":3,"bloodandmadness:blood_vial":29,"minecraft:beef":20,"minecraft:poppy":5,"minecraft:sugar_cane":44,"minecraft:chest":8,"minecraft:birch_sapling":1,"minecraft:fire_charge":2,"alexsmobs:spawn_egg_gorilla":1,"minecraft:carrot":1,"minecraft:dark_oak_planks":60,"minecraft:arrow":17,"minecraft:stone_shovel":4,"minecraft:beetroot_seeds":3,"minecraft:peony":1,"minecraft:shears":3,"minecraft:hay_block":16,"alexsmobs:spawn_egg_blobfish":2,"minecraft:mutton":39,"alexsmobs:spawn_egg_shoebill":1,"alexsmobs:frontier_cap":1,"minecraft:white_wool":12,"minecraft:salmon":76,"minecraft:birch_planks":143,"minecraft:oak_log":84,"rats:rat_pelt":6,"minecraft:cooked_mutton":5,"bloodandmadness:quicksilver_bullet":3,"minecraft:apple":8,"minecraft:iron_ingot":11,"minecraft:stone_pickaxe":9,"minecraft:iron_ore":40,"minecraft:iron_sword":4,"minecraft:green_dye":2,"minecraft:oak_slab":22,"minecraft:dark_oak_slab":42,"minecraft:dandelion":2,"minecraft:gravel":156,"minecraft:birch_stairs":3,"minecraft:white_bed":16,"travelersbackpack:standard":13,"bloodandmadness:coldblood_dew":428,"minecraft:stone_axe":7,"minecraft:iron_helmet":6,"minecraft:gray_wool":2,"minecraft:black_wool":2,"minecraft:coal":158,"minecraft:sunflower":1},"minecraft:used":{"alexsmobs:emu_egg":9,"minecraft:poppy":2,"minecraft:chest":13,"minecraft:iron_sword":268,"mowziesmobs:frostmaw_spawn_egg":1,"minecraft:snowball":14,"minecraft:glass":167,"alexsmobs:spawn_egg_gorilla":1,"minecraft:dark_oak_slab":46,"minecraft:dark_oak_boat":1,"rats:cooked_rat":1,"minecraft:furnace":4,"minecraft:oak_sapling":2,"bloodandmadness:blood_vial":9,"alexsmobs:spawn_egg_raccoon":1,"minecraft:dark_oak_stairs":4,"minecraft:diorite":1,"minecraft:stone_pickaxe":347,"minecraft:oak_planks":33,"minecraft:wooden_pickaxe":17,"minecraft:oak_leaves":202,"minecraft:sand":1,"cgm:bazooka":1,"alexsmobs:spawn_egg_guster":1,"minecraft:shears":210,"minecraft:dark_oak_log":179,"minecraft:birch_slab":22,"minecraft:bread":8,"minecraft:gravel":3,"minecraft:dark_oak_fence":6,"bloodandmadness:axe_huntsman_spawn_egg":1,"minecraft:andesite":1,"bloodandmadness:molotov_cocktail":1,"minecraft:stone_sword":45,"minecraft:flint_and_steel":19,"minecraft:tropical_fish":1,"minecraft:stone_shovel":402,"minecraft:cooked_salmon":24,"minecraft:stone_hoe":5,"minecraft:bee_spawn_egg":1,"minecraft:torch":4,"minecraft:dirt":45,"ob_core:ancient_paladin_spawn_egg":1,"cgm:workbench":1,"cgm:rifle":26,"minecraft:granite":8,"minecraft:dark_oak_planks":521,"dead_guys_untitled_deep_dark_:warden_spawn_egg":1,"alexsmobs:spawn_egg_blobfish":3,"alexsmobs:spawn_egg_shoebill":1,"minecraft:cooked_beef":15,"minecraft:enchanted_golden_apple":1,"minecraft:cooked_mutton":12,"minecraft:water_bucket":14,"minecraft:birch_planks":761,"alexsmobs:spawn_egg_tiger":1,"bloodandmadness:shadow_blade":12,"minecraft:oak_slab":30,"minecraft:crafting_table":16,"alexsmobs:spawn_egg_crocodile":1,"minecraft:white_bed":16,"minecraft:light_gray_concrete_powder":8,"minecraft:dark_oak_door":3,"minecraft:oak_log":40,"ob_core:hilda_spawn_egg":1,"minecraft:apple":2,"minecraft:sunflower":1,"minecraft:map":6,"aquamirae:maze_mother_spawn_egg":1,"minecraft:stone_axe":464,"minecraft:cobblestone":178,"travelersbackpack:standard":6,"minecraft:cooked_porkchop":9,"minecraft:bucket":13,"minecraft:yellow_bed":2,"alexsmobs:animal_dictionary":1,"minecraft:birch_stairs":19},"minecraft:killed":{"minecraft:spider":6,"minecraft:skeleton":6,"bloodandmadness:female_beast_patient":6,"bloodandmadness:beast_patient":7,"minecraft:chicken":1,"minecraft:tropical_fish":1,"minecraft:pig":3,"minecraft:salmon":34,"bloodandmadness:hunting_dog":2,"bloodandmadness:rifle_huntsman":2,"rats:rat":1,"minecraft:sheep":12,"minecraft:zombie":7,"alexsmobs:fly":1,"alexsmobs:raccoon":1,"bloodandmadness:axe_huntsman":1,"minecraft:drowned":7,"alexsmobs:guster":1,"alexsmobs:emu":1},"minecraft:dropped":{"minecraft:iron_sword":2,"minecraft:birch_planks":3,"minecraft:oak_log":1,"bloodandmadness:blood_vial":9,"bloodandmadness:quicksilver_bullet":3,"travelersbackpack:standard":3,"minecraft:dirt":59,"alexsmobs:emu_feather":2,"minecraft:sand":1,"travelersbackpack:backpack_tank":4,"minecraft:dark_oak_boat":1,"rats:contaminated_food":2,"minecraft:white_wool":3,"minecraft:bone":2,"minecraft:dark_oak_door":1,"alexsmobs:animal_dictionary":2,"alexsmobs:crocodile_egg":1,"minecraft:beetroot":1,"minecraft:rotten_flesh":5,"minecraft:enchanted_golden_apple":1,"minecraft:golden_shovel":1,"alexsmobs:emu_egg":8,"minecraft:honey_bottle":1,"minecraft:white_bed":1,"minecraft:salmon":12,"minecraft:poppy":1,"bloodandmadness:coldblood_dew":186,"minecraft:beetroot_seeds":3,"rats:rat_pelt":5,"minecraft:arrow":14,"minecraft:glass":14,"minecraft:iron_ingot":14,"minecraft:bread":38,"minecraft:wheat_seeds":14,"minecraft:golden_horse_armor":1,"minecraft:feather":6,"minecraft:golden_axe":1,"minecraft:cobblestone":6,"minecraft:stick":8,"minecraft:bee_spawn_egg":1,"minecraft:gray_wool":1,"minecraft:diorite":2,"minecraft:torch":1,"alexsmobs:fish_oil":1,"minecraft:cooked_salmon":5,"minecraft:string":3,"minecraft:dandelion":2,"minecraft:furnace":1,"alexsmobs:maggot":1,"minecraft:experience_bottle":4,"alexsmobs:blobfish":1,"alexsmobs:frontier_cap":1,"minecraft:hay_block":16,"minecraft:iron_chestplate":2,"minecraft:andesite":1,"rats:cooked_rat":1,"minecraft:oak_sapling":2,"bloodandmadness:blood_stone_shard":8,"minecraft:stone_pickaxe":1,"minecraft:black_wool":1},"minecraft:broken":{"minecraft:stone_pickaxe":2,"minecraft:stone_axe":2,"minecraft:iron_sword":1,"minecraft:stone_shovel":3,"minecraft:iron_helmet":1},"minecraft:mined":{"minecraft:dark_oak_planks":55,"minecraft:white_bed":24,"minecraft:oak_sapling":1,"minecraft:farmland":3,"minecraft:brewing_stand":1,"minecraft:granite":8,"minecraft:grass_block":261,"minecraft:iron_ore":13,"minecraft:fire":96,"minecraft:light_gray_concrete":3,"minecraft:torch":1,"minecraft:chest":8,"minecraft:glass":34,"minecraft:cobblestone":115,"minecraft:sugar_cane":22,"minecraft:oak_planks":5,"minecraft:wall_torch":5,"minecraft:dark_oak_slab":23,"minecraft:dark_oak_door":1,"minecraft:birch_log":56,"minecraft:grass":88,"minecraft:oak_log":42,"minecraft:beetroots":1,"minecraft:sand":99,"minecraft:dirt":74,"minecraft:oak_leaves":266,"minecraft:dark_oak_log":146,"minecraft:dark_oak_fence":1,"minecraft:birch_slab":9,"minecraft:furnace":3,"minecraft:snow":8,"minecraft:andesite":1,"minecraft:stone":168,"minecraft:birch_stairs":3,"minecraft:oak_slab":10,"minecraft:dandelion":3,"travelersbackpack:standard":6,"minecraft:crafting_table":7,"minecraft:tall_grass":6,"minecraft:diorite":3,"minecraft:birch_planks":63,"minecraft:birch_leaves":2,"minecraft:coal_ore":6,"minecraft:sunflower":1,"minecraft:gravel":24},"minecraft:killed_by":{"alexsmobs:cachalot_whale":2,"alexsmobs:crocodile":1,"bloodandmadness:large_huntsman_spear":1,"alexsmobs:grizzly_bear":1,"alexsmobs:tiger":1,"alexsmobs:raccoon":1},"minecraft:custom":{"minecraft:interact_with_crafting_table":45,"minecraft:leave_game":6,"minecraft:time_since_death":30464,"minecraft:damage_resisted":4,"minecraft:sprint_one_cm":573202,"minecraft:drop":135,"minecraft:deaths":9,"minecraft:jump":6281,"minecraft:interact_with_brewingstand":1,"minecraft:walk_on_water_one_cm":36870,"minecraft:interact_with_furnace":116,"minecraft:play_one_minute":449506,"minecraft:sleep_in_bed":19,"minecraft:damage_dealt":16045,"minecraft:player_kills":1,"minecraft:crouch_one_cm":279776,"minecraft:horse_one_cm":13107,"minecraft:mob_kills":110,"minecraft:walk_one_cm":944047,"minecraft:sneak_time":67403,"minecraft:walk_under_water_one_cm":39104,"minecraft:boat_one_cm":132503,"minecraft:time_since_rest":22589,"minecraft:damage_taken":6637,"minecraft:swim_one_cm":100291,"minecraft:fly_one_cm":1337237,"minecraft:open_chest":108,"minecraft:fall_one_cm":130412},"minecraft:crafted":{"minecraft:light_gray_concrete_powder":8,"minecraft:oak_planks":188,"minecraft:birch_slab":12,"minecraft:cooked_mutton":24,"minecraft:dark_oak_door":3,"minecraft:glass":43,"minecraft:chest":9,"minecraft:stone_hoe":2,"minecraft:oak_slab":30,"minecraft:cooked_porkchop":15,"minecraft:crafting_table":7,"minecraft:wooden_pickaxe":1,"minecraft:birch_planks":224,"minecraft:dark_oak_slab":42,"minecraft:iron_chestplate":3,"minecraft:stick":32,"minecraft:iron_ingot":59,"minecraft:stone_sword":1,"minecraft:birch_stairs":16,"minecraft:shears":1,"minecraft:stone_shovel":4,"minecraft:furnace":2,"minecraft:dark_oak_fence":9,"minecraft:stone_pickaxe":4,"minecraft:dark_oak_planks":340,"cgm:workbench":1,"minecraft:cooked_beef":11,"minecraft:dark_oak_stairs":4,"travelersbackpack:backpack_tank":4,"minecraft:iron_sword":3,"minecraft:cooked_salmon":39,"minecraft:dark_oak_button":6,"minecraft:stone_axe":3,"minecraft:air":0,"rats:cooked_rat":2}},"DataVersion":2586}