{"stats":{"minecraft:mined":{"minecraft:oak_sapling":1,"minecraft:dandelion":2,"minecraft:granite":8,"minecraft:grass_block":2,"minecraft:tall_grass":2,"minecraft:cobblestone":12,"minecraft:oak_planks":2,"minecraft:diorite":3,"minecraft:wall_torch":3,"minecraft:iron_ore":13,"minecraft:andesite":1,"minecraft:grass":46,"minecraft:coal_ore":6,"minecraft:oak_log":15,"minecraft:sunflower":1,"minecraft:dirt":18,"minecraft:stone":168,"minecraft:oak_leaves":9},"minecraft:used":{"alexsmobs:spawn_egg_raccoon":1,"minecraft:stone_pickaxe":207,"minecraft:oak_planks":18,"minecraft:chest":1,"minecraft:wooden_pickaxe":17,"minecraft:iron_sword":45,"bloodandmadness:shadow_blade":12,"minecraft:cooked_salmon":7,"minecraft:torch":3,"minecraft:dirt":17,"ob_core:ancient_paladin_spawn_egg":1,"mowziesmobs:frostmaw_spawn_egg":1,"minecraft:crafting_table":7,"alexsmobs:spawn_egg_guster":1,"minecraft:granite":8,"ob_core:hilda_spawn_egg":1,"minecraft:sunflower":1,"aquamirae:maze_mother_spawn_egg":1,"minecraft:stone_axe":8,"dead_guys_untitled_deep_dark_:warden_spawn_egg":1,"minecraft:cobblestone":106,"travelersbackpack:standard":1,"rats:cooked_rat":1,"minecraft:oak_sapling":2,"minecraft:furnace":2,"bloodandmadness:axe_huntsman_spawn_egg":1,"alexsmobs:animal_dictionary":1},"minecraft:broken":{"minecraft:stone_pickaxe":1},"minecraft:killed":{"alexsmobs:guster":1,"minecraft:pig":3,"minecraft:salmon":6,"alexsmobs:raccoon":1,"alexsmobs:emu":1,"minecraft:sheep":12,"minecraft:chicken":1},"minecraft:custom":{"minecraft:interact_with_furnace":33,"minecraft:mob_kills":26,"minecraft:interact_with_crafting_table":12,"minecraft:play_one_minute":57008,"minecraft:leave_game":1,"minecraft:time_since_death":43552,"minecraft:sleep_in_bed":1,"minecraft:time_since_rest":14102,"minecraft:sprint_one_cm":105393,"minecraft:damage_taken":510,"minecraft:walk_one_cm":105414,"minecraft:drop":6,"minecraft:damage_dealt":3109,"minecraft:swim_one_cm":19577,"minecraft:fly_one_cm":304589,"minecraft:open_chest":9,"minecraft:crouch_one_cm":30296,"minecraft:deaths":2,"minecraft:sneak_time":8728,"minecraft:walk_under_water_one_cm":4632,"minecraft:jump":1249,"minecraft:walk_on_water_one_cm":2793,"minecraft:fall_one_cm":31307},"minecraft:picked_up":{"minecraft:chicken":1,"minecraft:andesite":1,"minecraft:salmon":19,"minecraft:brown_wool":1,"minecraft:potato":4,"minecraft:oak_log":16,"rats:raw_rat":1,"minecraft:dirt":19,"minecraft:cooked_salmon":4,"minecraft:apple":3,"bloodandmadness:blood_vial":1,"alexsmobs:emu_feather":2,"minecraft:wheat_seeds":3,"minecraft:beef":9,"minecraft:stone_pickaxe":1,"minecraft:iron_ore":40,"minecraft:oak_planks":9,"minecraft:stick":18,"minecraft:torch":3,"minecraft:dandelion":2,"minecraft:porkchop":6,"minecraft:sand":2,"minecraft:diorite":3,"bloodandmadness:coldblood_dew":32,"minecraft:stone_axe":1,"minecraft:granite":8,"minecraft:gray_wool":1,"minecraft:bread":2,"minecraft:oak_sapling":4,"minecraft:black_wool":1,"minecraft:mutton":18,"bloodandmadness:blood_stone_shard":1,"minecraft:coal":39,"minecraft:white_wool":9,"minecraft:cobblestone":178,"minecraft:sunflower":1},"minecraft:dropped":{"minecraft:iron_sword":1,"minecraft:iron_chestplate":1,"minecraft:cooked_salmon":4},"minecraft:killed_by":{"alexsmobs:raccoon":1},"minecraft:crafted":{"minecraft:oak_planks":64,"minecraft:crafting_table":7,"minecraft:wooden_pickaxe":1,"minecraft:iron_sword":3,"minecraft:furnace":2,"minecraft:cooked_salmon":17,"minecraft:air":0,"rats:cooked_rat":1,"minecraft:iron_chestplate":3,"minecraft:iron_ingot":30,"minecraft:stone_pickaxe":2,"minecraft:chest":1}},"DataVersion":2586}