{"stats":{"minecraft:picked_up":{"minecraft:crafting_table":1,"minecraft:iron_chestplate":6,"minecraft:golden_pickaxe":1,"minecraft:chicken":1,"rats:herb_bundle":1,"minecraft:lead":4,"minecraft:golden_shovel":1,"minecraft:brewing_stand":1,"minecraft:string":8,"minecraft:cooked_salmon":11,"minecraft:flint_and_steel":1,"minecraft:iron_leggings":6,"minecraft:experience_bottle":4,"rats:contaminated_food":4,"minecraft:beetroot":1,"bloodandmadness:blood_vial":23,"alexsmobs:emu_feather":4,"minecraft:beef":20,"minecraft:poppy":5,"minecraft:sugar_cane":4,"minecraft:chest":8,"minecraft:birch_sapling":1,"minecraft:iron_boots":6,"minecraft:furnace":3,"minecraft:stick":33,"minecraft:torch":4,"minecraft:fire_charge":2,"minecraft:porkchop":15,"minecraft:golden_axe":1,"alexsmobs:spawn_egg_gorilla":1,"minecraft:diorite":5,"minecraft:dark_oak_planks":24,"minecraft:arrow":17,"minecraft:stone_shovel":4,"minecraft:rotten_flesh":9,"bloodandmadness:molotov_cocktail":1,"minecraft:tropical_fish":1,"minecraft:beetroot_seeds":3,"minecraft:peony":1,"minecraft:shears":1,"minecraft:hay_block":16,"alexsmobs:spawn_egg_shoebill":1,"minecraft:mutton":32,"bloodandmadness:blood_stone_shard":10,"minecraft:snowball":46,"minecraft:white_wool":12,"minecraft:cobblestone":422,"minecraft:birch_log":56,"minecraft:feather":6,"minecraft:birch_slab":10,"minecraft:andesite":2,"minecraft:salmon":52,"minecraft:brown_wool":2,"minecraft:dark_oak_boat":2,"minecraft:potato":4,"minecraft:birch_planks":50,"minecraft:flint":13,"minecraft:light_gray_dye":16,"minecraft:oak_log":63,"rats:rat_pelt":6,"rats:raw_rat":3,"minecraft:dirt":502,"minecraft:cooked_mutton":5,"minecraft:bone":1,"bloodandmadness:quicksilver_bullet":2,"minecraft:apple":7,"minecraft:wheat_seeds":23,"minecraft:stone_pickaxe":7,"minecraft:iron_ingot":11,"minecraft:iron_ore":40,"minecraft:iron_sword":4,"minecraft:oak_planks":60,"minecraft:dark_oak_slab":7,"minecraft:dandelion":2,"minecraft:gravel":156,"minecraft:birch_stairs":3,"minecraft:sand":69,"minecraft:white_bed":16,"minecraft:dark_oak_log":133,"cgm:shell":2,"travelersbackpack:standard":8,"minecraft:light_gray_concrete":8,"bloodandmadness:coldblood_dew":329,"minecraft:sugar":1,"minecraft:stone_axe":5,"minecraft:iron_helmet":6,"minecraft:granite":8,"minecraft:gray_wool":2,"minecraft:golden_horse_armor":1,"minecraft:bread":48,"alexsmobs:maggot":2,"minecraft:oak_sapling":5,"minecraft:dark_oak_fence":3,"minecraft:black_wool":2,"minecraft:coal":158,"minecraft:oak_leaves":234,"minecraft:sunflower":1},"minecraft:broken":{"minecraft:stone_pickaxe":2,"minecraft:stone_axe":2,"minecraft:iron_sword":1,"minecraft:stone_shovel":2},"minecraft:crafted":{"minecraft:light_gray_concrete_powder":8,"minecraft:oak_planks":188,"minecraft:stone_shovel":3,"minecraft:birch_slab":12,"minecraft:furnace":2,"minecraft:cooked_mutton":18,"minecraft:dark_oak_door":3,"minecraft:glass":43,"minecraft:dark_oak_fence":6,"minecraft:stone_pickaxe":4,"minecraft:chest":5,"minecraft:dark_oak_planks":268,"minecraft:stone_hoe":1,"cgm:workbench":1,"minecraft:cooked_beef":11,"minecraft:cooked_porkchop":9,"minecraft:dark_oak_stairs":4,"minecraft:crafting_table":7,"travelersbackpack:backpack_tank":4,"minecraft:wooden_pickaxe":1,"minecraft:iron_sword":3,"minecraft:cooked_salmon":37,"minecraft:dark_oak_button":6,"minecraft:birch_planks":224,"minecraft:stone_axe":2,"minecraft:air":0,"rats:cooked_rat":2,"minecraft:dark_oak_slab":18,"minecraft:iron_chestplate":3,"minecraft:stick":28,"minecraft:iron_ingot":52,"minecraft:birch_stairs":16,"minecraft:shears":1},"minecraft:killed":{"alexsmobs:raccoon":1,"bloodandmadness:axe_huntsman":1,"minecraft:spider":5,"bloodandmadness:female_beast_patient":5,"minecraft:skeleton":6,"bloodandmadness:beast_patient":4,"minecraft:chicken":1,"minecraft:drowned":7,"minecraft:tropical_fish":1,"alexsmobs:guster":1,"minecraft:pig":3,"minecraft:salmon":34,"bloodandmadness:hunting_dog":2,"bloodandmadness:rifle_huntsman":2,"rats:rat":1,"alexsmobs:emu":1,"minecraft:sheep":12,"minecraft:zombie":6},"minecraft:killed_by":{"alexsmobs:cachalot_whale":2,"alexsmobs:tiger":1,"alexsmobs:raccoon":1,"alexsmobs:crocodile":1},"minecraft:mined":{"minecraft:dark_oak_planks":24,"minecraft:white_bed":24,"minecraft:oak_sapling":1,"minecraft:farmland":3,"minecraft:dark_oak_log":140,"minecraft:brewing_stand":1,"minecraft:dark_oak_fence":1,"minecraft:granite":8,"minecraft:grass_block":260,"minecraft:birch_slab":9,"minecraft:furnace":3,"minecraft:iron_ore":13,"minecraft:fire":86,"minecraft:snow":8,"minecraft:andesite":1,"minecraft:light_gray_concrete":3,"minecraft:stone":168,"minecraft:birch_stairs":3,"minecraft:dandelion":3,"travelersbackpack:standard":5,"minecraft:crafting_table":1,"minecraft:torch":1,"minecraft:chest":8,"minecraft:glass":3,"minecraft:tall_grass":6,"minecraft:cobblestone":115,"minecraft:sugar_cane":2,"minecraft:oak_planks":5,"minecraft:diorite":3,"minecraft:wall_torch":3,"minecraft:birch_planks":21,"minecraft:dark_oak_slab":7,"minecraft:birch_log":56,"minecraft:birch_leaves":2,"minecraft:grass":80,"minecraft:oak_log":33,"minecraft:coal_ore":6,"minecraft:beetroots":1,"minecraft:sunflower":1,"minecraft:gravel":24,"minecraft:sand":67,"minecraft:dirt":72,"minecraft:oak_leaves":242},"minecraft:custom":{"minecraft:mob_kills":102,"minecraft:interact_with_crafting_table":44,"minecraft:leave_game":5,"minecraft:time_since_death":5175,"minecraft:sprint_one_cm":449657,"minecraft:walk_one_cm":697642,"minecraft:drop":91,"minecraft:sneak_time":51787,"minecraft:deaths":7,"minecraft:walk_under_water_one_cm":35400,"minecraft:boat_one_cm":132503,"minecraft:jump":5114,"minecraft:interact_with_brewingstand":1,"minecraft:walk_on_water_one_cm":31234,"minecraft:interact_with_furnace":106,"minecraft:play_one_minute":335828,"minecraft:sleep_in_bed":12,"minecraft:time_since_rest":5202,"minecraft:damage_taken":4804,"minecraft:damage_dealt":14154,"minecraft:swim_one_cm":90992,"minecraft:fly_one_cm":1202219,"minecraft:player_kills":1,"minecraft:open_chest":75,"minecraft:crouch_one_cm":214655,"minecraft:fall_one_cm":110194,"minecraft:horse_one_cm":13107},"minecraft:used":{"minecraft:flint_and_steel":9,"bloodandmadness:molotov_cocktail":1,"minecraft:tropical_fish":1,"minecraft:stone_shovel":368,"minecraft:poppy":2,"minecraft:chest":9,"minecraft:iron_sword":268,"minecraft:cooked_salmon":22,"minecraft:stone_hoe":5,"minecraft:bee_spawn_egg":1,"minecraft:torch":3,"ob_core:ancient_paladin_spawn_egg":1,"minecraft:dirt":24,"cgm:workbench":1,"mowziesmobs:frostmaw_spawn_egg":1,"cgm:rifle":26,"minecraft:snowball":14,"minecraft:granite":8,"minecraft:glass":1,"minecraft:dark_oak_planks":443,"alexsmobs:spawn_egg_gorilla":1,"minecraft:dark_oak_slab":25,"dead_guys_untitled_deep_dark_:warden_spawn_egg":1,"rats:cooked_rat":1,"minecraft:dark_oak_boat":1,"minecraft:oak_sapling":2,"minecraft:furnace":4,"alexsmobs:spawn_egg_shoebill":1,"bloodandmadness:blood_vial":6,"minecraft:cooked_beef":15,"minecraft:enchanted_golden_apple":1,"minecraft:cooked_mutton":5,"alexsmobs:spawn_egg_raccoon":1,"minecraft:dark_oak_stairs":4,"minecraft:diorite":1,"minecraft:birch_planks":629,"minecraft:stone_pickaxe":347,"minecraft:oak_planks":33,"alexsmobs:spawn_egg_tiger":1,"minecraft:wooden_pickaxe":17,"bloodandmadness:shadow_blade":12,"minecraft:oak_leaves":155,"minecraft:crafting_table":8,"alexsmobs:spawn_egg_crocodile":1,"alexsmobs:spawn_egg_guster":1,"minecraft:white_bed":15,"cgm:bazooka":1,"minecraft:light_gray_concrete_powder":8,"minecraft:shears":198,"minecraft:dark_oak_door":3,"minecraft:oak_log":3,"ob_core:hilda_spawn_egg":1,"minecraft:apple":2,"minecraft:dark_oak_log":130,"minecraft:birch_slab":22,"minecraft:sunflower":1,"minecraft:bread":8,"minecraft:map":6,"aquamirae:maze_mother_spawn_egg":1,"minecraft:gravel":3,"minecraft:stone_axe":341,"travelersbackpack:standard":4,"minecraft:cobblestone":178,"minecraft:dark_oak_fence":5,"minecraft:cooked_porkchop":3,"bloodandmadness:axe_huntsman_spawn_egg":1,"minecraft:andesite":1,"alexsmobs:animal_dictionary":1,"minecraft:birch_stairs":19},"minecraft:dropped":{"minecraft:iron_ingot":7,"minecraft:bread":38,"minecraft:iron_sword":2,"minecraft:wheat_seeds":8,"minecraft:oak_log":1,"bloodandmadness:blood_vial":9,"minecraft:golden_horse_armor":1,"bloodandmadness:quicksilver_bullet":2,"minecraft:golden_axe":1,"minecraft:cobblestone":6,"minecraft:feather":6,"travelersbackpack:standard":2,"minecraft:stick":6,"minecraft:dirt":59,"minecraft:bee_spawn_egg":1,"minecraft:gray_wool":1,"minecraft:diorite":2,"minecraft:cooked_salmon":5,"minecraft:sand":1,"minecraft:string":3,"travelersbackpack:backpack_tank":4,"minecraft:dark_oak_boat":1,"rats:contaminated_food":2,"minecraft:white_wool":3,"minecraft:dandelion":2,"minecraft:bone":2,"minecraft:furnace":1,"minecraft:experience_bottle":4,"minecraft:beetroot":1,"minecraft:rotten_flesh":5,"minecraft:enchanted_golden_apple":1,"minecraft:golden_shovel":1,"minecraft:poppy":1,"minecraft:hay_block":16,"minecraft:iron_chestplate":2,"bloodandmadness:coldblood_dew":1,"minecraft:andesite":1,"rats:cooked_rat":1,"minecraft:oak_sapling":2,"rats:rat_pelt":5,"minecraft:stone_pickaxe":1,"minecraft:arrow":14,"bloodandmadness:blood_stone_shard":6,"minecraft:glass":14,"minecraft:black_wool":1}},"DataVersion":2586}