{"stats":{"minecraft:crafted":{"minecraft:oak_planks":104,"minecraft:furnace":1,"minecraft:iron_axe":2,"minecraft:stone_pickaxe":1,"minecraft:magenta_dye":2,"minecraft:wheat":261,"minecraft:red_dye":1,"minecraft:crafting_table":2,"minecraft:wooden_pickaxe":1,"minecraft:stone_axe":1,"minecraft:bread":89,"minecraft:blue_dye":1,"minecraft:yellow_dye":1,"minecraft:stick":16,"minecraft:iron_pickaxe":1,"minecraft:wooden_axe":1},"minecraft:used":{"bloodandmadness:church_doctor_scythe_spawn_egg":1,"bloodandmadness:father_gascoigne_spawn_egg":1,"alexsmobs:spawn_egg_seal":2,"minecraft:rotten_flesh":10,"minecraft:dirt":3,"minecraft:anvil":1,"mowziesmobs:frostmaw_spawn_egg":1,"bloodandmadness:father_gascoigne_beast_spawn_egg":1,"minecraft:wooden_axe":45,"alexsmobs:spawn_egg_gorilla":1,"cgm:shotgun":46,"minecraft:iron_axe":62,"dead_guys_untitled_deep_dark_:cold_deep_stone":1,"alexsmobs:spawn_egg_cachalot_whale":4,"alexsmobs:spawn_egg_snow_leopard":1,"minecraft:sweet_berries":8,"minecraft:furnace":1,"alexsmobs:spawn_egg_emu":1,"minecraft:oak_sapling":2,"alexsmobs:spawn_egg_tasmanian_devil":1,"minecraft:orange_terracotta":1,"alexsmobs:spawn_egg_warped_toad":1,"minecraft:stone_pickaxe":53,"minecraft:oak_planks":58,"minecraft:cut_sandstone":8,"minecraft:wooden_pickaxe":26,"minecraft:sandstone":19,"minecraft:green_bed":2,"minecraft:golden_apple":1,"minecraft:sand":25,"minecraft:tnt":6,"minecraft:crafting_table":3,"mowziesmobs:grottol_spawn_egg":1,"alexsmobs:spawn_egg_kangaroo":1,"minecraft:chiseled_sandstone":1,"minecraft:bread":51,"minecraft:cyan_bed":6,"alexsmobs:spawn_egg_alligator_snapping_turtle":1,"minecraft:iron_pickaxe":84,"minecraft:stone_axe":57,"minecraft:fishing_rod":7,"minecraft:diamond_sword":2,"minecraft:smithing_table":1,"bloodandmadness:brick_troll_spawn_egg":1,"minecraft:golden_pickaxe":1},"minecraft:dropped":{"minecraft:bread":24,"minecraft:wheat_seeds":3,"minecraft:oak_log":1,"dead_guys_untitled_deep_dark_:cold_deep_stone":1,"minecraft:mossy_cobblestone":1,"minecraft:netherite_chestplate":2,"minecraft:diamond_leggings":2,"minecraft:netherite_helmet":2,"minecraft:cobblestone":15,"minecraft:iron_horse_armor":1,"minecraft:dirt":1,"minecraft:wooden_axe":1,"minecraft:cut_sandstone":1,"minecraft:netherite_boots":2,"minecraft:diamond_helmet":2,"minecraft:iron_axe":1,"minecraft:sand":2,"minecraft:red_dye":1,"minecraft:dandelion":2,"minecraft:bone":5,"minecraft:anvil":64,"minecraft:stone_axe":1,"alexsmobs:animal_dictionary":1,"dead_guys_untitled_deep_dark_:dahlia_petal":1,"minecraft:rotten_flesh":21,"minecraft:light_gray_wool":1,"rats:rat_upgrade_tnt_survivor":1,"mowziesmobs:grottol_spawn_egg":64,"minecraft:netherite_leggings":2,"minecraft:diamond_sword":2,"minecraft:potato":7,"minecraft:diamond_chestplate":2,"bloodandmadness:coldblood_dew":11,"minecraft:stone_pressure_plate":1,"minecraft:spider_eye":4,"minecraft:diamond_boots":2,"alexsmobs:spawn_egg_seal":64,"minecraft:sandstone":19,"minecraft:wooden_pickaxe":1,"minecraft:magenta_dye":1,"minecraft:stone_pickaxe":1},"minecraft:custom":{"minecraft:interact_with_smithing_table":1,"minecraft:mob_kills":50,"minecraft:interact_with_anvil":3,"minecraft:animals_bred":1,"minecraft:interact_with_crafting_table":5,"minecraft:open_barrel":6,"minecraft:leave_game":4,"minecraft:time_since_death":64259,"minecraft:climb_one_cm":563,"minecraft:sprint_one_cm":447580,"minecraft:walk_one_cm":198964,"minecraft:drop":64,"minecraft:deaths":4,"minecraft:sneak_time":8138,"minecraft:walk_under_water_one_cm":16720,"minecraft:jump":3654,"minecraft:walk_on_water_one_cm":31820,"minecraft:interact_with_furnace":6,"minecraft:play_one_minute":130132,"minecraft:sleep_in_bed":6,"minecraft:time_since_rest":31155,"minecraft:damage_absorbed":40,"minecraft:damage_taken":2982,"minecraft:damage_dealt":8187,"minecraft:swim_one_cm":38049,"minecraft:fly_one_cm":1063370,"minecraft:open_chest":21,"minecraft:crouch_one_cm":19135,"minecraft:fall_one_cm":96790},"minecraft:killed_by":{"minecraft:husk":1,"alexsmobs:raccoon":1,"bloodandmadness:brainsucker":1,"alexsmobs:kangaroo":1},"minecraft:picked_up":{"minecraft:iron_chestplate":2,"minecraft:wheat":63,"minecraft:diamond_sword":1,"alexsmobs:roadrunner_feather":1,"minecraft:gold_block":2,"dead_guys_untitled_deep_dark_:dahlia_petal":1,"minecraft:cornflower":1,"minecraft:string":16,"mowziesmobs:grottol_spawn_egg":64,"minecraft:diamond_leggings":1,"minecraft:beef":42,"minecraft:poppy":1,"minecraft:light_gray_wool":2,"minecraft:enchanted_golden_apple":2,"minecraft:chest":6,"minecraft:sugar_cane":9,"minecraft:furnace":1,"minecraft:stick":4,"minecraft:sandstone":38,"dead_guys_untitled_deep_dark_:cold_deep_stone":2,"minecraft:green_bed":2,"minecraft:fire_charge":1,"rats:plague_essence":1,"minecraft:porkchop":20,"minecraft:stone_pressure_plate":2,"alexsmobs:centipede_leg":1,"minecraft:iron_horse_armor":1,"minecraft:tnt":9,"minecraft:arrow":5,"minecraft:diamond_chestplate":1,"minecraft:rotten_flesh":59,"minecraft:diamond_boots":1,"minecraft:hay_block":43,"mowziesmobs:ice_crystal":1,"minecraft:saddle":1,"minecraft:netherite_chestplate":1,"alexsmobs:kangaroo_meat":2,"minecraft:obsidian":2,"minecraft:mutton":23,"minecraft:cobblestone":43,"minecraft:white_wool":14,"minecraft:netherite_boots":1,"minecraft:feather":3,"minecraft:lilac":1,"minecraft:cut_sandstone":9,"minecraft:leather":20,"bloodandmadness:siderite_fragment":2,"minecraft:potato":14,"minecraft:oak_log":36,"rats:rat_pelt":1,"minecraft:yellow_bed":2,"minecraft:gunpowder":25,"rats:raw_rat":2,"minecraft:netherite_leggings":1,"minecraft:dirt":4,"minecraft:orange_terracotta":1,"minecraft:bone":21,"bloodandmadness:quicksilver_bullet":4,"minecraft:apple":14,"bloodandmadness:raw_quicksilver":6,"minecraft:wheat_seeds":3,"minecraft:iron_ingot":17,"minecraft:iron_ore":73,"minecraft:diamond_helmet":1,"minecraft:oak_planks":43,"minecraft:sweet_berries":5,"minecraft:dandelion":2,"minecraft:sand":19,"minecraft:gold_ore":2,"dead_guys_untitled_deep_dark_:cold_sculk_prairie":1,"minecraft:cyan_bed":8,"minecraft:chiseled_sandstone":1,"minecraft:spider_eye":4,"minecraft:mossy_cobblestone":1,"minecraft:slime_ball":2,"travelersbackpack:standard":2,"bloodandmadness:coldblood_dew":147,"minecraft:netherite_helmet":1,"minecraft:stone_axe":1,"minecraft:golden_apple":5,"minecraft:emerald":2,"minecraft:bread":98,"minecraft:oak_sapling":2,"minecraft:coal":56},"minecraft:killed":{"alexsmobs:tarantula_hawk":1,"alexsmobs:tasmanian_devil":1,"minecraft:slime":1,"mowziesmobs:frostmaw":1,"bloodandmadness:female_beast_patient":1,"minecraft:skeleton":4,"bloodandmadness:brainsucker":1,"bloodandmadness:beast_patient":1,"minecraft:drowned":1,"bloodandmadness:carrion_crow":1,"alexsmobs:kangaroo":1,"minecraft:pig":4,"alexsmobs:seal":1,"minecraft:iron_golem":1,"minecraft:creeper":1,"rats:rat":1,"minecraft:sheep":8,"alexsmobs:roadrunner":1,"alexsmobs:crow":2,"minecraft:cow":12},"minecraft:mined":{"minecraft:stone_pressure_plate":2,"minecraft:mossy_cobblestone":1,"minecraft:grass_block":3,"minecraft:spruce_leaves":9,"minecraft:sandstone":20,"minecraft:large_fern":2,"minecraft:hay_block":43,"minecraft:furnace":1,"minecraft:iron_ore":39,"minecraft:chiseled_sandstone":1,"dead_guys_untitled_deep_dark_:cold_deep_stone":2,"minecraft:gold_block":2,"minecraft:stone":37,"dead_guys_untitled_deep_dark_:cold_sculk":1,"minecraft:green_bed":2,"minecraft:cut_sandstone":4,"minecraft:orange_terracotta":1,"minecraft:dandelion":1,"travelersbackpack:standard":1,"minecraft:cornflower":1,"minecraft:poppy":2,"minecraft:chest":5,"minecraft:dead_bush":1,"minecraft:tall_grass":4,"bloodandmadness:mercury_soaked_stone":6,"minecraft:cyan_bed":7,"minecraft:sugar_cane":4,"minecraft:oak_planks":6,"dead_guys_untitled_deep_dark_:deep_flower":1,"minecraft:sweet_berry_bush":2,"minecraft:lilac":1,"minecraft:tnt":10,"minecraft:yellow_bed":1,"minecraft:grass":17,"minecraft:oak_log":31,"minecraft:coal_ore":24,"minecraft:sand":3,"minecraft:dirt":1,"minecraft:gold_ore":2,"minecraft:oak_leaves":5}},"DataVersion":2586}