{"stats":{"minecraft:mined":{"minecraft:white_bed":3,"minecraft:brewing_stand":1,"minecraft:crafting_table":2,"minecraft:torch":5,"minecraft:granite":3,"minecraft:grass_block":1,"bloodandmadness:mercury_soaked_stone":16,"minecraft:lapis_ore":5,"minecraft:sugar_cane":3,"minecraft:diorite":1,"minecraft:wall_torch":2,"minecraft:birch_log":6,"minecraft:iron_ore":74,"minecraft:andesite":5,"minecraft:grass":1,"minecraft:oak_log":37,"minecraft:coal_ore":115,"minecraft:sand":13,"minecraft:dirt":21,"minecraft:gravel":7,"minecraft:stone":138,"minecraft:oak_leaves":25},"minecraft:used":{"minecraft:stone_shovel":35,"minecraft:stone_pickaxe":347,"minecraft:wooden_pickaxe":16,"minecraft:iron_sword":47,"minecraft:cooked_salmon":3,"minecraft:salmon":1,"minecraft:torch":63,"minecraft:brewing_stand":1,"minecraft:dirt":4,"minecraft:crafting_table":2,"minecraft:white_bed":3,"minecraft:granite":1,"minecraft:apple":1,"minecraft:bread":2,"minecraft:gravel":5,"minecraft:stone_axe":71,"minecraft:cobblestone":28,"minecraft:oak_sapling":9,"bloodandmadness:blood_vial":1,"minecraft:andesite":5},"minecraft:broken":{"minecraft:stone_pickaxe":2},"minecraft:killed":{"minecraft:salmon":26,"bloodandmadness:church_doctor_lantern":1,"rats:rat":1,"minecraft:skeleton":2,"minecraft:zombie":4,"bloodandmadness:beast_patient":2,"minecraft:tropical_fish":1,"minecraft:cow":4},"minecraft:custom":{"minecraft:interact_with_furnace":25,"minecraft:mob_kills":42,"minecraft:interact_with_crafting_table":14,"minecraft:play_one_minute":57662,"minecraft:bell_ring":1,"minecraft:time_since_death":40283,"minecraft:sleep_in_bed":1,"minecraft:time_since_rest":26102,"minecraft:sprint_one_cm":148615,"minecraft:damage_taken":788,"minecraft:walk_one_cm":84925,"minecraft:drop":36,"minecraft:damage_dealt":3535,"minecraft:talked_to_villager":2,"minecraft:swim_one_cm":18165,"minecraft:fly_one_cm":207004,"minecraft:open_chest":25,"minecraft:crouch_one_cm":26901,"minecraft:deaths":3,"minecraft:sneak_time":10794,"minecraft:walk_under_water_one_cm":11788,"minecraft:jump":1086,"minecraft:walk_on_water_one_cm":18645,"minecraft:fall_one_cm":19949},"minecraft:dropped":{"minecraft:gravel":6,"minecraft:bread":2,"minecraft:stone_axe":1,"alexsmobs:animal_dictionary":1,"bloodandmadness:blood_vial":1,"minecraft:rotten_flesh":2,"minecraft:oak_planks":7,"minecraft:apple":3,"minecraft:granite":2,"minecraft:white_bed":1,"minecraft:salmon":14,"minecraft:coal":32,"minecraft:stick":18,"minecraft:potato":4,"bloodandmadness:coldblood_dew":60,"minecraft:cooked_salmon":4,"minecraft:bone_meal":1,"bloodandmadness:blood_stone_shard":1,"minecraft:iron_ore":27,"minecraft:beef":9,"minecraft:stone_pickaxe":1,"minecraft:wooden_pickaxe":1,"rats:raw_rat":1},"minecraft:picked_up":{"minecraft:birch_log":6,"minecraft:crafting_table":2,"minecraft:iron_chestplate":1,"minecraft:andesite":5,"minecraft:salmon":27,"minecraft:leather":5,"minecraft:oak_log":40,"minecraft:brewing_stand":1,"rats:raw_rat":1,"minecraft:lapis_lazuli":30,"minecraft:dirt":22,"minecraft:cooked_salmon":4,"minecraft:bone":1,"bloodandmadness:blood_vial":3,"bloodandmadness:raw_quicksilver":16,"minecraft:beef":9,"minecraft:stone_pickaxe":1,"minecraft:iron_ore":91,"minecraft:sugar_cane":10,"minecraft:iron_sword":1,"minecraft:stick":1,"minecraft:torch":39,"minecraft:gravel":16,"minecraft:sand":13,"minecraft:white_bed":4,"minecraft:arrow":3,"bloodandmadness:coldblood_dew":76,"minecraft:rotten_flesh":2,"minecraft:stone_axe":1,"minecraft:granite":3,"minecraft:bone_meal":1,"minecraft:oak_sapling":10,"bloodandmadness:blood_stone_shard":2,"minecraft:coal":114,"minecraft:cobblestone":184},"minecraft:killed_by":{"mowziesmobs:frostmaw":1},"minecraft:crafted":{"minecraft:cooked_beef":9,"minecraft:oak_planks":32,"minecraft:stone_shovel":1,"minecraft:crafting_table":1,"travelersbackpack:backpack_tank":2,"minecraft:wooden_pickaxe":1,"minecraft:cooked_salmon":2,"minecraft:birch_planks":8,"minecraft:stone_axe":2,"minecraft:air":0,"minecraft:glass":10,"minecraft:stick":56,"minecraft:iron_ingot":6,"minecraft:stone_pickaxe":4,"minecraft:chest":1,"minecraft:torch":72}},"DataVersion":2586}