{"stats":{"minecraft:picked_up":{"minecraft:iron_chestplate":1,"minecraft:crafting_table":10,"rats:herb_bundle":1,"minecraft:lead":2,"minecraft:gold_block":1,"minecraft:brewing_stand":2,"minecraft:cooked_salmon":4,"minecraft:iron_leggings":1,"cgm:shotgun":1,"rats:contaminated_food":2,"bloodandmadness:blood_vial":21,"minecraft:beef":19,"minecraft:iron_nugget":2,"minecraft:poppy":4,"minecraft:sugar_cane":10,"minecraft:furnace":7,"minecraft:stick":1,"minecraft:torch":75,"minecraft:porkchop":3,"minecraft:redstone":13,"minecraft:arrow":5,"minecraft:rotten_flesh":17,"minecraft:mutton":22,"bloodandmadness:blood_stone_shard":9,"minecraft:white_wool":15,"minecraft:cobblestone":190,"minecraft:oxeye_daisy":16,"minecraft:birch_log":6,"minecraft:cooked_beef":10,"minecraft:andesite":7,"minecraft:salmon":29,"minecraft:brown_wool":1,"minecraft:leather":13,"minecraft:flint":13,"minecraft:oak_log":40,"minecraft:gunpowder":6,"rats:raw_rat":2,"minecraft:lapis_lazuli":30,"minecraft:dirt":68,"minecraft:cooked_mutton":9,"minecraft:glass":37,"minecraft:bone":4,"travelersbackpack:backpack_tank":4,"bloodandmadness:quicksilver_bullet":11,"bloodandmadness:raw_quicksilver":16,"minecraft:wheat_seeds":6,"minecraft:iron_ingot":4,"minecraft:stone_pickaxe":1,"minecraft:iron_ore":157,"minecraft:iron_sword":1,"minecraft:pumpkin":1,"minecraft:dandelion":1,"minecraft:gravel":179,"minecraft:sand":95,"minecraft:ink_sac":2,"minecraft:white_bed":4,"minecraft:dark_oak_log":1,"minecraft:spider_eye":1,"alexsmobs:animal_dictionary":1,"bloodandmadness:blood_stone_chunk":1,"travelersbackpack:white_sleeping_bag":1,"cgm:shell":48,"bloodandmadness:coldblood_dew":212,"minecraft:diamond":5,"minecraft:stone_axe":1,"minecraft:granite":3,"minecraft:bone_meal":1,"minecraft:oak_sapling":10,"minecraft:coal":262,"cgm:workbench":1},"minecraft:broken":{"minecraft:stone_pickaxe":2,"minecraft:stone_axe":1,"minecraft:stone_shovel":1},"minecraft:crafted":{"minecraft:oak_planks":36,"minecraft:stone_shovel":1,"minecraft:iron_nugget":9,"minecraft:cooked_chicken":1,"minecraft:furnace":1,"minecraft:glass":47,"cgm:shotgun":1,"travelersbackpack:white_sleeping_bag":3,"minecraft:iron_boots":3,"minecraft:iron_axe":1,"minecraft:stone_pickaxe":4,"minecraft:chest":4,"minecraft:cooked_beef":9,"minecraft:sugar":1,"minecraft:red_dye":1,"minecraft:cooked_porkchop":3,"minecraft:crafting_table":1,"minecraft:iron_helmet":3,"travelersbackpack:backpack_tank":2,"travelersbackpack:standard":3,"minecraft:wooden_pickaxe":1,"minecraft:baked_potato":4,"minecraft:cooked_salmon":8,"minecraft:bucket":1,"minecraft:birch_planks":24,"minecraft:stone_axe":2,"minecraft:air":0,"minecraft:gold_nugget":9,"minecraft:shield":1,"minecraft:stick":60,"minecraft:iron_ingot":78,"minecraft:iron_pickaxe":1,"minecraft:iron_leggings":3,"minecraft:gold_ingot":9,"minecraft:iron_shovel":1,"minecraft:light_gray_dye":16,"minecraft:torch":72},"minecraft:killed":{"bloodandmadness:rabid_dog":1,"alexsmobs:raccoon":1,"bloodandmadness:axe_huntsman":2,"minecraft:spider":2,"bloodandmadness:brick_troll":1,"minecraft:skeleton":5,"minecraft:horse":1,"bloodandmadness:female_beast_patient":2,"bloodandmadness:beast_patient":7,"bloodandmadness:wolf_beast":1,"minecraft:tropical_fish":1,"rats:plague_doctor":2,"bloodandmadness:pitchfork_huntsman":2,"minecraft:salmon":26,"bloodandmadness:saber_huntsman":2,"bloodandmadness:hunting_dog":1,"bloodandmadness:church_doctor_lantern":1,"bloodandmadness:rifle_huntsman":3,"minecraft:creeper":5,"minecraft:squid":1,"rats:rat":2,"minecraft:sheep":12,"minecraft:zombie":14,"bloodandmadness:church_doctor_crucifix":1,"minecraft:cow":9},"minecraft:killed_by":{"mowziesmobs:frostmaw":1},"minecraft:mined":{"minecraft:diamond_ore":5,"minecraft:white_bed":3,"minecraft:dark_oak_log":1,"minecraft:brewing_stand":2,"minecraft:granite":3,"minecraft:grass_block":39,"minecraft:oxeye_daisy":16,"cgm:workbench":1,"minecraft:redstone_ore":3,"minecraft:furnace":7,"minecraft:iron_ore":128,"minecraft:andesite":7,"minecraft:gold_block":1,"minecraft:stone":144,"dead_guys_untitled_deep_dark_:cold_sculk":1,"minecraft:crafting_table":10,"minecraft:torch":37,"minecraft:poppy":2,"minecraft:glass":2,"minecraft:tall_grass":14,"bloodandmadness:mercury_soaked_stone":16,"minecraft:lapis_ore":5,"minecraft:sugar_cane":3,"minecraft:diorite":1,"minecraft:wall_torch":5,"minecraft:birch_log":6,"minecraft:grass":46,"minecraft:oak_log":37,"minecraft:coal_ore":116,"minecraft:sand":96,"minecraft:gravel":132,"minecraft:dirt":32,"minecraft:oak_leaves":27},"minecraft:used":{"minecraft:iron_shovel":159,"minecraft:stone_shovel":159,"minecraft:poppy":1,"minecraft:chest":1,"minecraft:shield":5,"minecraft:iron_sword":223,"minecraft:cooked_salmon":9,"minecraft:cooked_chicken":1,"minecraft:torch":114,"minecraft:mutton":7,"minecraft:brewing_stand":1,"minecraft:dirt":18,"minecraft:granite":1,"minecraft:glass":48,"cgm:shotgun":41,"minecraft:iron_axe":1,"minecraft:oak_sapling":9,"minecraft:furnace":8,"bloodandmadness:blood_vial":3,"minecraft:cooked_beef":5,"minecraft:cooked_mutton":18,"minecraft:water_bucket":11,"minecraft:iron_ore":7,"minecraft:baked_potato":3,"minecraft:stone_pickaxe":380,"minecraft:oak_planks":11,"minecraft:wooden_pickaxe":16,"minecraft:salmon":2,"minecraft:sand":2,"minecraft:crafting_table":3,"minecraft:white_bed":3,"minecraft:apple":3,"minecraft:bread":2,"minecraft:iron_pickaxe":50,"minecraft:gravel":75,"minecraft:stone_axe":92,"minecraft:cobblestone":49,"minecraft:andesite":5,"minecraft:bucket":12,"alexsmobs:animal_dictionary":1,"minecraft:experience_bottle":2},"minecraft:custom":{"minecraft:mob_kills":110,"minecraft:interact_with_crafting_table":36,"minecraft:bell_ring":1,"minecraft:leave_game":2,"minecraft:time_since_death":145736,"minecraft:climb_one_cm":1430,"minecraft:sprint_one_cm":445041,"minecraft:damage_blocked_by_shield":90,"minecraft:walk_one_cm":291765,"minecraft:drop":90,"minecraft:talked_to_villager":2,"minecraft:deaths":3,"minecraft:sneak_time":17350,"minecraft:walk_under_water_one_cm":17783,"minecraft:jump":3724,"minecraft:walk_on_water_one_cm":44023,"minecraft:interact_with_furnace":75,"minecraft:play_one_minute":163115,"minecraft:sleep_in_bed":2,"minecraft:time_since_rest":310,"minecraft:damage_taken":3114,"minecraft:damage_dealt":13499,"minecraft:swim_one_cm":35949,"minecraft:fly_one_cm":648293,"minecraft:crouch_one_cm":49180,"minecraft:open_chest":116,"minecraft:fall_one_cm":85848},"minecraft:dropped":{"bloodandmadness:blood_stone_chunk":1,"minecraft:bread":2,"minecraft:iron_sword":1,"bloodandmadness:blood_vial":1,"minecraft:iron_helmet":2,"minecraft:apple":3,"minecraft:granite":2,"travelersbackpack:standard":2,"minecraft:coal":92,"minecraft:stick":18,"minecraft:dirt":1,"rats:herb_bundle":1,"minecraft:dark_oak_log":1,"minecraft:brown_wool":1,"minecraft:cooked_salmon":4,"minecraft:iron_leggings":3,"minecraft:bone_meal":1,"rats:raw_rat":2,"rats:contaminated_food":2,"minecraft:dandelion":1,"minecraft:bone":2,"minecraft:gravel":128,"minecraft:stone_axe":1,"minecraft:iron_nugget":3,"alexsmobs:animal_dictionary":2,"minecraft:rotten_flesh":16,"minecraft:oak_planks":7,"minecraft:iron_boots":2,"minecraft:white_bed":1,"minecraft:salmon":15,"minecraft:poppy":2,"minecraft:potato":4,"minecraft:iron_chestplate":1,"bloodandmadness:coldblood_dew":142,"minecraft:andesite":1,"minecraft:spider_eye":1,"minecraft:light_gray_dye":16,"minecraft:iron_ore":27,"minecraft:wooden_pickaxe":1,"minecraft:beef":9,"bloodandmadness:blood_stone_shard":8,"minecraft:stone_pickaxe":2}},"DataVersion":2586}