{"stats":{"minecraft:mined":{"minecraft:diamond_ore":5,"minecraft:white_bed":3,"minecraft:brewing_stand":1,"minecraft:crafting_table":3,"minecraft:torch":33,"minecraft:granite":3,"minecraft:grass_block":1,"bloodandmadness:mercury_soaked_stone":16,"minecraft:lapis_ore":5,"minecraft:sugar_cane":3,"minecraft:oxeye_daisy":16,"minecraft:diorite":1,"minecraft:wall_torch":2,"minecraft:redstone_ore":3,"minecraft:furnace":1,"minecraft:iron_ore":101,"minecraft:birch_log":6,"minecraft:andesite":6,"minecraft:gold_block":1,"minecraft:grass":7,"minecraft:coal_ore":116,"minecraft:oak_log":37,"minecraft:sand":13,"minecraft:gravel":58,"minecraft:dirt":21,"minecraft:stone":143,"minecraft:oak_leaves":26},"minecraft:crafted":{"minecraft:cooked_beef":9,"minecraft:oak_planks":32,"minecraft:stone_shovel":1,"minecraft:crafting_table":1,"minecraft:iron_helmet":3,"travelersbackpack:backpack_tank":2,"minecraft:wooden_pickaxe":1,"minecraft:cooked_chicken":1,"minecraft:furnace":1,"minecraft:cooked_salmon":2,"minecraft:birch_planks":8,"minecraft:stone_axe":2,"minecraft:air":0,"minecraft:glass":10,"minecraft:iron_boots":3,"minecraft:stick":56,"minecraft:iron_ingot":58,"minecraft:iron_pickaxe":1,"minecraft:stone_pickaxe":4,"minecraft:iron_leggings":3,"minecraft:chest":1,"minecraft:light_gray_dye":16,"minecraft:torch":72},"minecraft:killed_by":{"mowziesmobs:frostmaw":1},"minecraft:picked_up":{"minecraft:birch_log":6,"minecraft:iron_chestplate":1,"minecraft:crafting_table":3,"minecraft:andesite":6,"minecraft:salmon":27,"minecraft:leather":5,"minecraft:gold_block":1,"minecraft:flint":6,"minecraft:oak_log":40,"minecraft:brewing_stand":1,"rats:raw_rat":1,"minecraft:lapis_lazuli":30,"minecraft:dirt":22,"minecraft:cooked_salmon":4,"minecraft:iron_leggings":1,"minecraft:bone":1,"bloodandmadness:blood_vial":3,"bloodandmadness:raw_quicksilver":16,"minecraft:wheat_seeds":2,"minecraft:iron_ingot":4,"minecraft:beef":9,"minecraft:stone_pickaxe":1,"minecraft:iron_ore":130,"minecraft:sugar_cane":10,"minecraft:iron_sword":1,"minecraft:furnace":1,"minecraft:stick":1,"minecraft:torch":67,"minecraft:gravel":133,"minecraft:sand":13,"minecraft:white_bed":4,"minecraft:redstone":13,"minecraft:diamond":5,"bloodandmadness:coldblood_dew":79,"minecraft:arrow":3,"minecraft:rotten_flesh":3,"minecraft:stone_axe":1,"minecraft:granite":3,"minecraft:bone_meal":1,"minecraft:oak_sapling":10,"bloodandmadness:blood_stone_shard":2,"minecraft:coal":115,"minecraft:cobblestone":189,"minecraft:oxeye_daisy":16},"minecraft:killed":{"minecraft:salmon":26,"bloodandmadness:church_doctor_lantern":1,"rats:rat":1,"minecraft:skeleton":2,"bloodandmadness:female_beast_patient":1,"minecraft:zombie":4,"bloodandmadness:beast_patient":2,"minecraft:tropical_fish":1,"rats:plague_doctor":1,"minecraft:cow":4},"minecraft:used":{"minecraft:stone_shovel":114,"minecraft:stone_pickaxe":380,"minecraft:chest":1,"minecraft:wooden_pickaxe":16,"minecraft:iron_sword":56,"minecraft:cooked_salmon":3,"minecraft:cooked_chicken":1,"minecraft:salmon":1,"minecraft:torch":96,"minecraft:dirt":4,"minecraft:brewing_stand":1,"minecraft:crafting_table":3,"minecraft:white_bed":3,"minecraft:granite":1,"minecraft:apple":3,"minecraft:bread":2,"minecraft:iron_pickaxe":11,"minecraft:gravel":5,"minecraft:stone_axe":72,"minecraft:cobblestone":48,"minecraft:furnace":2,"minecraft:oak_sapling":9,"bloodandmadness:blood_vial":1,"minecraft:andesite":5,"minecraft:cooked_beef":2},"minecraft:broken":{"minecraft:stone_pickaxe":2},"minecraft:dropped":{"minecraft:gravel":128,"minecraft:bread":2,"minecraft:stone_axe":1,"alexsmobs:animal_dictionary":1,"bloodandmadness:blood_vial":1,"minecraft:iron_helmet":1,"minecraft:rotten_flesh":2,"minecraft:oak_planks":7,"minecraft:iron_boots":1,"minecraft:apple":3,"minecraft:granite":2,"minecraft:white_bed":1,"minecraft:salmon":14,"minecraft:coal":32,"minecraft:stick":18,"minecraft:potato":4,"bloodandmadness:coldblood_dew":62,"minecraft:andesite":1,"minecraft:cooked_salmon":4,"minecraft:iron_leggings":2,"minecraft:bone_meal":1,"minecraft:light_gray_dye":16,"minecraft:iron_ore":27,"minecraft:beef":9,"bloodandmadness:blood_stone_shard":1,"minecraft:stone_pickaxe":2,"minecraft:wooden_pickaxe":1,"rats:raw_rat":1},"minecraft:custom":{"minecraft:interact_with_furnace":46,"minecraft:mob_kills":44,"minecraft:interact_with_crafting_table":26,"minecraft:play_one_minute":80240,"minecraft:bell_ring":1,"minecraft:leave_game":1,"minecraft:time_since_death":62861,"minecraft:sleep_in_bed":1,"minecraft:time_since_rest":48680,"minecraft:sprint_one_cm":197995,"minecraft:damage_taken":878,"minecraft:walk_one_cm":149064,"minecraft:drop":46,"minecraft:damage_dealt":3981,"minecraft:swim_one_cm":19709,"minecraft:talked_to_villager":2,"minecraft:fly_one_cm":265880,"minecraft:open_chest":47,"minecraft:crouch_one_cm":32826,"minecraft:deaths":3,"minecraft:sneak_time":12569,"minecraft:walk_under_water_one_cm":12157,"minecraft:jump":1546,"minecraft:walk_on_water_one_cm":20254,"minecraft:fall_one_cm":29444}},"DataVersion":2586}