{"stats":{"minecraft:mined":{"minecraft:grass_block":1,"minecraft:grass":1,"minecraft:oak_log":7,"minecraft:dirt":3,"minecraft:stone":16,"minecraft:oak_leaves":12},"minecraft:used":{"minecraft:dirt":4,"minecraft:crafting_table":1,"minecraft:oak_sapling":1,"minecraft:wooden_pickaxe":16},"minecraft:custom":{"minecraft:time_since_rest":7585,"minecraft:play_one_minute":9662,"minecraft:crouch_one_cm":3136,"minecraft:walk_one_cm":9508,"minecraft:sprint_one_cm":11081,"minecraft:damage_taken":325,"minecraft:deaths":2,"minecraft:sneak_time":774,"minecraft:drop":3,"minecraft:jump":107,"minecraft:damage_dealt":16,"minecraft:time_since_death":6915,"minecraft:interact_with_crafting_table":1,"minecraft:fall_one_cm":3572,"minecraft:fly_one_cm":22361},"minecraft:dropped":{"minecraft:oak_planks":7,"alexsmobs:animal_dictionary":1,"minecraft:stick":18},"minecraft:picked_up":{"minecraft:stick":1,"minecraft:oak_log":6,"minecraft:oak_sapling":1,"minecraft:dirt":4,"minecraft:cobblestone":16},"minecraft:killed_by":{"mowziesmobs:frostmaw":1},"minecraft:crafted":{"minecraft:oak_planks":24,"minecraft:crafting_table":1,"minecraft:stick":20,"minecraft:wooden_pickaxe":1}},"DataVersion":2586}