{"stats":{"minecraft:picked_up":{"minecraft:iron_chestplate":4,"rats:herb_bundle":1,"minecraft:lead":8,"minecraft:golden_shovel":1,"minecraft:brewing_stand":2,"minecraft:string":4,"minecraft:cooked_salmon":4,"minecraft:iron_leggings":4,"rats:contaminated_food":2,"minecraft:spruce_planks":3,"minecraft:iron_pickaxe":2,"minecraft:furnace":10,"minecraft:iron_boots":2,"minecraft:stick":1,"minecraft:torch":84,"minecraft:porkchop":11,"minecraft:diorite":2,"minecraft:honey_bottle":1,"minecraft:rotten_flesh":38,"bloodandmadness:molotov_cocktail":1,"minecraft:carved_pumpkin":3,"bloodandmadness:blood_stone_shard":12,"minecraft:cod":1,"minecraft:snowball":939,"minecraft:cobblestone":299,"minecraft:birch_log":6,"minecraft:feather":1,"minecraft:cooked_beef":10,"minecraft:water_bucket":4,"minecraft:andesite":7,"minecraft:brown_wool":1,"minecraft:dark_oak_boat":2,"minecraft:flint":13,"rats:raw_rat":3,"minecraft:lapis_lazuli":30,"minecraft:dirt":1036,"minecraft:glass":37,"minecraft:bone":8,"travelersbackpack:backpack_tank":4,"minecraft:bow":2,"minecraft:wheat_seeds":28,"minecraft:sand":162,"minecraft:ink_sac":2,"minecraft:dark_oak_log":7,"alexsmobs:animal_dictionary":1,"travelersbackpack:white_sleeping_bag":1,"cgm:shell":191,"minecraft:light_gray_concrete":5,"bloodandmadness:blood_stone_chunk":1,"minecraft:diamond":5,"minecraft:granite":3,"minecraft:bone_meal":3,"minecraft:golden_horse_armor":1,"minecraft:bread":1,"minecraft:oak_sapling":10,"minecraft:fishing_rod":2,"minecraft:crafting_table":12,"minecraft:chicken":1,"minecraft:gold_block":2,"minecraft:shield":3,"minecraft:iron_axe":3,"cgm:shotgun":4,"minecraft:iron_shovel":1,"bloodandmadness:blood_vial":33,"minecraft:beef":30,"minecraft:iron_nugget":2,"minecraft:poppy":4,"minecraft:sugar_cane":92,"minecraft:chest":3,"minecraft:redstone":13,"minecraft:arrow":7,"minecraft:stone_shovel":2,"minecraft:peony":2,"minecraft:shears":3,"minecraft:mutton":36,"minecraft:white_wool":23,"minecraft:oxeye_daisy":16,"minecraft:salmon":85,"minecraft:leather":17,"minecraft:birch_planks":2,"minecraft:oak_log":40,"rats:rat_pelt":1,"minecraft:yellow_bed":4,"minecraft:gunpowder":7,"minecraft:white_banner":1,"minecraft:cooked_mutton":21,"bloodandmadness:quicksilver_bullet":15,"bloodandmadness:raw_quicksilver":16,"alexsmobs:cockroach_wing_fragment":1,"minecraft:iron_ingot":17,"minecraft:stone_pickaxe":1,"minecraft:iron_ore":175,"minecraft:glass_bottle":1,"minecraft:iron_sword":2,"minecraft:book":24,"minecraft:pumpkin":1,"minecraft:dandelion":1,"minecraft:gravel":225,"minecraft:white_bed":12,"minecraft:spruce_log":6,"minecraft:spider_eye":2,"travelersbackpack:standard":3,"minecraft:pumpkin_seeds":4,"bloodandmadness:coldblood_dew":370,"minecraft:stone_axe":1,"minecraft:baked_potato":4,"minecraft:black_wool":1,"cgm:workbench":2,"minecraft:coal":305},"minecraft:used":{"minecraft:iron_shovel":393,"minecraft:poppy":1,"minecraft:chest":8,"minecraft:shield":5,"minecraft:iron_sword":274,"minecraft:mutton":7,"minecraft:snowball":269,"minecraft:glass":48,"cgm:shotgun":156,"minecraft:dark_oak_boat":1,"minecraft:furnace":10,"minecraft:oak_sapling":9,"bloodandmadness:blood_vial":6,"minecraft:stone_pickaxe":380,"minecraft:oak_planks":11,"minecraft:wooden_pickaxe":16,"minecraft:sugar_cane":26,"minecraft:sand":2,"minecraft:bread":3,"minecraft:gravel":139,"minecraft:andesite":5,"minecraft:experience_bottle":2,"minecraft:flint_and_steel":12,"minecraft:carved_pumpkin":1,"minecraft:stone_shovel":1382,"minecraft:spruce_planks":8,"minecraft:wooden_shovel":11,"minecraft:cooked_salmon":14,"minecraft:cooked_chicken":1,"minecraft:torch":145,"minecraft:brewing_stand":1,"minecraft:dirt":270,"cgm:workbench":2,"minecraft:golden_shovel":62,"minecraft:granite":1,"minecraft:dark_oak_planks":24,"minecraft:iron_axe":100,"minecraft:cooked_beef":13,"minecraft:pumpkin":1,"minecraft:cooked_mutton":27,"minecraft:water_bucket":91,"minecraft:iron_ore":7,"minecraft:snow_block":64,"minecraft:birch_planks":1,"minecraft:baked_potato":21,"minecraft:salmon":2,"minecraft:crafting_table":11,"minecraft:white_bed":3,"minecraft:cod":1,"minecraft:black_wool":1,"minecraft:apple":3,"minecraft:iron_pickaxe":180,"minecraft:stone_axe":92,"minecraft:fishing_rod":1,"minecraft:cobblestone":52,"minecraft:cooked_porkchop":11,"minecraft:bucket":93,"alexsmobs:animal_dictionary":1},"minecraft:killed":{"minecraft:spider":4,"bloodandmadness:brick_troll":2,"alexsmobs:shoebill":1,"bloodandmadness:large_huntsman_spear":1,"bloodandmadness:female_beast_patient":4,"minecraft:skeleton":9,"bloodandmadness:beast_patient":10,"minecraft:chicken":1,"minecraft:tropical_fish":1,"minecraft:pig":5,"bloodandmadness:pitchfork_huntsman":4,"minecraft:salmon":40,"bloodandmadness:saber_huntsman":3,"bloodandmadness:hunting_dog":3,"bloodandmadness:rifle_huntsman":3,"minecraft:creeper":10,"rats:rat":2,"minecraft:sheep":21,"minecraft:trader_llama":2,"minecraft:pillager":1,"minecraft:zombie":21,"minecraft:cow":14,"bloodandmadness:rabid_dog":1,"alexsmobs:raccoon":3,"bloodandmadness:axe_huntsman":3,"alexsmobs:seagull":1,"alexsmobs:gorilla":1,"minecraft:horse":1,"bloodandmadness:brainsucker":1,"bloodandmadness:wolf_beast":1,"bloodandmadness:church_doctor_scythe":1,"minecraft:drowned":4,"rats:plague_doctor":2,"bloodandmadness:church_doctor_lantern":1,"minecraft:squid":1,"alexsmobs:crocodile":1,"bloodandmadness:church_doctor_crucifix":1,"alexsmobs:crow":1},"minecraft:dropped":{"bloodandmadness:blood_stone_chunk":1,"minecraft:iron_sword":2,"minecraft:porkchop":6,"minecraft:lapis_lazuli":30,"minecraft:oak_log":28,"bloodandmadness:blood_vial":15,"minecraft:golden_pickaxe":1,"minecraft:leather":1,"travelersbackpack:standard":2,"minecraft:flint":5,"minecraft:dirt":40,"minecraft:dark_oak_log":1,"minecraft:mutton":7,"minecraft:snowball":1,"minecraft:gold_nugget":12,"minecraft:bone_meal":1,"minecraft:sand":37,"minecraft:sugar":1,"rats:contaminated_food":2,"minecraft:white_wool":19,"cgm:shell":1,"minecraft:bone":2,"minecraft:gravel":284,"minecraft:stone_axe":1,"minecraft:sugar_cane":4,"minecraft:iron_nugget":5,"alexsmobs:animal_dictionary":2,"bloodandmadness:molotov_cocktail":1,"minecraft:rotten_flesh":34,"minecraft:oak_planks":7,"minecraft:cooked_mutton":6,"minecraft:golden_shovel":1,"minecraft:honey_bottle":1,"minecraft:white_bed":1,"minecraft:salmon":57,"minecraft:poppy":2,"bloodandmadness:coldblood_dew":195,"minecraft:iron_ore":27,"minecraft:glass":42,"minecraft:beef":20,"minecraft:water_bucket":3,"minecraft:iron_ingot":8,"minecraft:bread":2,"minecraft:wheat_seeds":17,"minecraft:golden_helmet":1,"minecraft:golden_horse_armor":2,"minecraft:iron_helmet":2,"minecraft:cobblestone":205,"minecraft:lead":2,"minecraft:apple":6,"minecraft:granite":2,"minecraft:coal":115,"minecraft:stick":30,"rats:herb_bundle":1,"minecraft:diorite":2,"minecraft:brewing_stand":1,"minecraft:brown_wool":1,"minecraft:cooked_salmon":4,"minecraft:iron_leggings":3,"minecraft:pumpkin":1,"bloodandmadness:raw_quicksilver":16,"rats:raw_rat":2,"minecraft:dandelion":1,"minecraft:furnace":1,"minecraft:iron_boots":2,"minecraft:light_gray_concrete":5,"minecraft:pumpkin_seeds":4,"minecraft:potato":4,"alexsmobs:cockroach_wing_fragment":1,"minecraft:peony":2,"minecraft:iron_chestplate":1,"minecraft:andesite":1,"minecraft:wooden_shovel":2,"minecraft:carved_pumpkin":2,"minecraft:spider_eye":2,"minecraft:light_gray_dye":31,"minecraft:bow":1,"bloodandmadness:blood_stone_shard":9,"minecraft:stone_pickaxe":2,"minecraft:wooden_pickaxe":1},"minecraft:broken":{"minecraft:iron_shovel":1,"minecraft:iron_boots":1,"minecraft:golden_shovel":1,"minecraft:stone_pickaxe":2,"minecraft:stone_axe":1,"minecraft:iron_sword":1,"minecraft:stone_shovel":10,"minecraft:iron_helmet":1},"minecraft:mined":{"minecraft:spruce_planks":3,"minecraft:white_bed":3,"minecraft:brewing_stand":2,"minecraft:carved_pumpkin":1,"minecraft:granite":3,"minecraft:grass_block":492,"minecraft:oxeye_daisy":16,"minecraft:iron_ore":146,"minecraft:fire":56,"minecraft:light_gray_concrete":5,"dead_guys_untitled_deep_dark_:cold_sculk":1,"minecraft:kelp_plant":1,"minecraft:torch":38,"minecraft:poppy":4,"minecraft:chest":3,"minecraft:glass":2,"minecraft:cobblestone":45,"bloodandmadness:mercury_soaked_stone":16,"minecraft:sugar_cane":66,"minecraft:wall_torch":8,"minecraft:birch_log":6,"minecraft:grass":168,"minecraft:oak_log":37,"minecraft:sand":163,"minecraft:dirt":104,"minecraft:oak_leaves":34,"minecraft:diamond_ore":5,"minecraft:dark_oak_log":5,"minecraft:spruce_leaves":1,"minecraft:kelp":1,"cgm:workbench":2,"minecraft:redstone_ore":3,"minecraft:furnace":8,"minecraft:snow":928,"minecraft:andesite":7,"minecraft:peony":1,"minecraft:gold_block":2,"minecraft:bookshelf":4,"minecraft:stone":169,"minecraft:snow_block":29,"travelersbackpack:standard":3,"minecraft:crafting_table":12,"minecraft:tall_grass":24,"minecraft:lapis_ore":5,"minecraft:diorite":1,"minecraft:birch_planks":1,"minecraft:spruce_log":6,"minecraft:yellow_bed":2,"minecraft:grass_path":1,"minecraft:coal_ore":137,"minecraft:gravel":132},"minecraft:killed_by":{"bloodandmadness:large_huntsman_spear":1,"alexsmobs:grizzly_bear":1,"mowziesmobs:frostmaw":1,"alexsmobs:bald_eagle":1},"minecraft:custom":{"minecraft:interact_with_crafting_table":49,"minecraft:bell_ring":1,"minecraft:leave_game":4,"minecraft:time_since_death":2267,"minecraft:sprint_one_cm":1044393,"minecraft:damage_blocked_by_shield":90,"minecraft:drop":197,"minecraft:talked_to_villager":6,"minecraft:deaths":6,"minecraft:jump":7478,"minecraft:walk_on_water_one_cm":82301,"minecraft:interact_with_furnace":102,"minecraft:play_one_minute":323902,"minecraft:sleep_in_bed":10,"minecraft:damage_dealt":19973,"minecraft:crouch_one_cm":116096,"minecraft:mob_kills":186,"minecraft:climb_one_cm":1430,"minecraft:walk_one_cm":622835,"minecraft:sneak_time":33317,"minecraft:walk_under_water_one_cm":39108,"minecraft:boat_one_cm":148884,"minecraft:time_since_rest":2305,"minecraft:damage_taken":6714,"minecraft:swim_one_cm":72337,"minecraft:fly_one_cm":1509393,"minecraft:open_chest":212,"minecraft:fall_one_cm":176892},"minecraft:crafted":{"minecraft:oak_planks":36,"minecraft:cooked_chicken":1,"minecraft:cooked_mutton":14,"minecraft:glass":63,"minecraft:iron_boots":3,"minecraft:chest":4,"minecraft:wooden_shovel":2,"minecraft:cooked_porkchop":5,"minecraft:crafting_table":1,"minecraft:spruce_planks":24,"travelersbackpack:standard":3,"minecraft:baked_potato":21,"minecraft:wooden_pickaxe":1,"minecraft:iron_helmet":3,"minecraft:birch_planks":24,"minecraft:book":4,"minecraft:paper":30,"minecraft:shield":2,"minecraft:stick":92,"minecraft:iron_ingot":91,"minecraft:iron_pickaxe":1,"minecraft:snow_block":128,"minecraft:gold_ingot":9,"minecraft:light_gray_dye":16,"minecraft:shears":1,"minecraft:stone_shovel":11,"minecraft:iron_nugget":45,"minecraft:furnace":1,"minecraft:flint_and_steel":1,"cgm:shotgun":1,"travelersbackpack:white_sleeping_bag":3,"minecraft:iron_axe":1,"minecraft:stone_pickaxe":4,"minecraft:dark_oak_planks":24,"minecraft:cooked_beef":9,"minecraft:sugar":1,"minecraft:red_dye":1,"travelersbackpack:backpack_tank":2,"minecraft:cooked_salmon":8,"minecraft:bucket":2,"minecraft:stone_axe":2,"minecraft:air":0,"minecraft:gold_nugget":54,"minecraft:iron_shovel":2,"minecraft:iron_leggings":3,"minecraft:torch":96}},"DataVersion":2586}