{"stats":{"minecraft:mined":{"minecraft:diamond_ore":5,"minecraft:white_bed":3,"minecraft:dark_oak_log":1,"minecraft:brewing_stand":1,"minecraft:granite":3,"minecraft:grass_block":39,"minecraft:oxeye_daisy":16,"minecraft:redstone_ore":3,"minecraft:furnace":1,"minecraft:iron_ore":128,"minecraft:andesite":7,"minecraft:gold_block":1,"minecraft:stone":144,"dead_guys_untitled_deep_dark_:cold_sculk":1,"minecraft:crafting_table":3,"minecraft:torch":37,"minecraft:poppy":2,"minecraft:tall_grass":7,"bloodandmadness:mercury_soaked_stone":16,"minecraft:lapis_ore":5,"minecraft:sugar_cane":3,"minecraft:diorite":1,"minecraft:wall_torch":5,"minecraft:birch_log":6,"minecraft:grass":23,"minecraft:oak_log":37,"minecraft:coal_ore":116,"minecraft:gravel":132,"minecraft:sand":96,"minecraft:dirt":30,"minecraft:oak_leaves":26},"minecraft:crafted":{"minecraft:oak_planks":36,"minecraft:stone_shovel":1,"minecraft:iron_nugget":9,"minecraft:cooked_chicken":1,"minecraft:furnace":1,"cgm:shotgun":1,"minecraft:glass":47,"travelersbackpack:white_sleeping_bag":3,"minecraft:iron_boots":3,"minecraft:stone_pickaxe":4,"minecraft:chest":4,"minecraft:cooked_beef":9,"minecraft:red_dye":1,"minecraft:crafting_table":1,"travelersbackpack:backpack_tank":2,"travelersbackpack:standard":3,"minecraft:wooden_pickaxe":1,"minecraft:iron_helmet":3,"minecraft:cooked_salmon":8,"minecraft:bucket":1,"minecraft:birch_planks":24,"minecraft:stone_axe":2,"minecraft:air":0,"minecraft:gold_nugget":9,"minecraft:shield":1,"minecraft:stick":56,"minecraft:iron_ingot":78,"minecraft:iron_pickaxe":1,"minecraft:iron_shovel":1,"minecraft:gold_ingot":9,"minecraft:iron_leggings":3,"minecraft:light_gray_dye":16,"minecraft:torch":72},"minecraft:killed_by":{"mowziesmobs:frostmaw":1},"minecraft:picked_up":{"minecraft:crafting_table":3,"minecraft:iron_chestplate":1,"rats:herb_bundle":1,"minecraft:lead":2,"minecraft:gold_block":1,"minecraft:brewing_stand":1,"minecraft:cooked_salmon":4,"minecraft:iron_leggings":1,"cgm:shotgun":1,"rats:contaminated_food":2,"bloodandmadness:blood_vial":4,"minecraft:beef":19,"minecraft:poppy":4,"minecraft:sugar_cane":10,"minecraft:furnace":1,"minecraft:stick":1,"minecraft:torch":74,"minecraft:porkchop":3,"minecraft:redstone":13,"minecraft:arrow":5,"minecraft:rotten_flesh":12,"minecraft:mutton":22,"bloodandmadness:blood_stone_shard":4,"minecraft:white_wool":15,"minecraft:cobblestone":190,"minecraft:oxeye_daisy":16,"minecraft:birch_log":6,"minecraft:andesite":7,"minecraft:salmon":29,"minecraft:brown_wool":1,"minecraft:leather":13,"minecraft:flint":13,"minecraft:oak_log":40,"minecraft:gunpowder":2,"rats:raw_rat":2,"minecraft:lapis_lazuli":30,"minecraft:dirt":66,"minecraft:glass":12,"minecraft:bone":2,"travelersbackpack:backpack_tank":4,"bloodandmadness:raw_quicksilver":16,"minecraft:wheat_seeds":4,"minecraft:iron_ingot":4,"minecraft:stone_pickaxe":1,"minecraft:iron_ore":157,"minecraft:iron_sword":1,"minecraft:pumpkin":1,"minecraft:dandelion":1,"minecraft:gravel":179,"minecraft:sand":95,"minecraft:white_bed":4,"minecraft:dark_oak_log":1,"alexsmobs:animal_dictionary":1,"cgm:shell":48,"travelersbackpack:white_sleeping_bag":1,"bloodandmadness:blood_stone_chunk":1,"bloodandmadness:coldblood_dew":162,"minecraft:diamond":5,"minecraft:stone_axe":1,"minecraft:granite":3,"minecraft:bone_meal":1,"minecraft:oak_sapling":10,"minecraft:coal":115},"minecraft:killed":{"alexsmobs:raccoon":1,"bloodandmadness:brick_troll":1,"bloodandmadness:female_beast_patient":2,"minecraft:horse":1,"minecraft:skeleton":4,"bloodandmadness:beast_patient":2,"bloodandmadness:wolf_beast":1,"minecraft:tropical_fish":1,"rats:plague_doctor":2,"minecraft:salmon":26,"bloodandmadness:church_doctor_lantern":1,"minecraft:creeper":2,"rats:rat":2,"minecraft:sheep":12,"minecraft:zombie":9,"bloodandmadness:church_doctor_crucifix":1,"minecraft:cow":9},"minecraft:broken":{"minecraft:stone_pickaxe":2,"minecraft:stone_shovel":1},"minecraft:used":{"minecraft:iron_shovel":157,"minecraft:stone_shovel":159,"minecraft:poppy":1,"minecraft:chest":1,"minecraft:iron_sword":188,"minecraft:cooked_salmon":3,"minecraft:cooked_chicken":1,"minecraft:torch":114,"minecraft:brewing_stand":1,"minecraft:dirt":9,"minecraft:mutton":7,"minecraft:granite":1,"minecraft:glass":48,"minecraft:oak_sapling":9,"minecraft:furnace":2,"bloodandmadness:blood_vial":3,"minecraft:cooked_beef":5,"minecraft:cooked_mutton":18,"minecraft:water_bucket":8,"minecraft:iron_ore":7,"minecraft:stone_pickaxe":380,"minecraft:oak_planks":11,"minecraft:wooden_pickaxe":16,"minecraft:salmon":2,"minecraft:sand":2,"minecraft:crafting_table":3,"minecraft:white_bed":3,"minecraft:apple":3,"minecraft:bread":2,"minecraft:iron_pickaxe":42,"minecraft:gravel":75,"minecraft:stone_axe":85,"minecraft:cobblestone":49,"minecraft:bucket":9,"minecraft:andesite":5,"alexsmobs:animal_dictionary":1},"minecraft:dropped":{"bloodandmadness:blood_stone_chunk":1,"minecraft:bread":2,"minecraft:iron_sword":1,"bloodandmadness:blood_vial":1,"minecraft:iron_helmet":2,"minecraft:apple":3,"minecraft:granite":2,"travelersbackpack:standard":2,"minecraft:coal":32,"minecraft:stick":18,"rats:herb_bundle":1,"minecraft:dark_oak_log":1,"minecraft:brown_wool":1,"minecraft:cooked_salmon":4,"minecraft:iron_leggings":3,"minecraft:bone_meal":1,"rats:contaminated_food":2,"rats:raw_rat":2,"minecraft:dandelion":1,"minecraft:gravel":128,"minecraft:stone_axe":1,"alexsmobs:animal_dictionary":2,"minecraft:rotten_flesh":11,"minecraft:oak_planks":7,"minecraft:iron_boots":2,"minecraft:white_bed":1,"minecraft:salmon":15,"minecraft:poppy":2,"minecraft:potato":4,"minecraft:iron_chestplate":1,"bloodandmadness:coldblood_dew":91,"minecraft:andesite":1,"minecraft:light_gray_dye":16,"minecraft:iron_ore":27,"minecraft:wooden_pickaxe":1,"minecraft:beef":9,"bloodandmadness:blood_stone_shard":3,"minecraft:stone_pickaxe":2},"minecraft:custom":{"minecraft:mob_kills":81,"minecraft:interact_with_crafting_table":34,"minecraft:bell_ring":1,"minecraft:leave_game":2,"minecraft:time_since_death":124382,"minecraft:climb_one_cm":1430,"minecraft:sprint_one_cm":399071,"minecraft:walk_one_cm":256969,"minecraft:drop":75,"minecraft:talked_to_villager":2,"minecraft:deaths":3,"minecraft:sneak_time":16530,"minecraft:walk_under_water_one_cm":17168,"minecraft:jump":3374,"minecraft:walk_on_water_one_cm":38069,"minecraft:interact_with_furnace":57,"minecraft:play_one_minute":141761,"minecraft:sleep_in_bed":1,"minecraft:time_since_rest":110201,"minecraft:damage_taken":2568,"minecraft:damage_dealt":11980,"minecraft:swim_one_cm":30521,"minecraft:fly_one_cm":595815,"minecraft:open_chest":89,"minecraft:crouch_one_cm":45879,"minecraft:fall_one_cm":77358}},"DataVersion":2586}