{"stats":{"minecraft:used":{"minecraft:iron_shovel":838,"minecraft:poppy":1,"minecraft:chest":8,"minecraft:shield":38,"minecraft:iron_sword":274,"minecraft:mutton":7,"minecraft:carrot":15,"minecraft:snowball":334,"minecraft:glass":48,"cgm:shotgun":215,"minecraft:dark_oak_boat":1,"minecraft:sweet_berries":1,"minecraft:oak_sapling":13,"minecraft:furnace":10,"bloodandmadness:blood_vial":10,"minecraft:stone_pickaxe":380,"minecraft:oak_planks":79,"minecraft:wooden_pickaxe":16,"minecraft:sugar_cane":26,"minecraft:oak_leaves":2,"minecraft:sand":2,"minecraft:shears":86,"minecraft:bread":3,"minecraft:gravel":139,"minecraft:andesite":5,"minecraft:bone_meal":19,"minecraft:experience_bottle":2,"minecraft:oak_fence":99,"minecraft:flint_and_steel":12,"minecraft:carved_pumpkin":1,"minecraft:stone_shovel":1382,"minecraft:spruce_planks":12,"minecraft:wooden_shovel":11,"minecraft:cooked_salmon":14,"minecraft:cooked_chicken":1,"minecraft:torch":174,"minecraft:brewing_stand":1,"minecraft:dirt":355,"cgm:workbench":2,"minecraft:white_carpet":34,"minecraft:golden_shovel":62,"minecraft:granite":1,"minecraft:dark_oak_planks":24,"minecraft:iron_axe":313,"minecraft:cooked_beef":21,"minecraft:pumpkin":1,"minecraft:wheat_seeds":55,"minecraft:cooked_mutton":40,"minecraft:water_bucket":93,"minecraft:iron_ore":7,"minecraft:snow_block":64,"minecraft:birch_planks":2,"minecraft:baked_potato":21,"minecraft:salmon":2,"minecraft:oak_slab":9,"minecraft:crafting_table":11,"minecraft:white_bed":3,"minecraft:cod":1,"minecraft:black_wool":1,"minecraft:apple":3,"minecraft:iron_pickaxe":1772,"minecraft:stone_axe":92,"minecraft:fishing_rod":1,"minecraft:cobblestone":76,"minecraft:cooked_porkchop":11,"minecraft:bucket":95,"alexsmobs:animal_dictionary":2},"minecraft:killed_by":{"bloodandmadness:father_gascoigne":1,"bloodandmadness:large_huntsman_spear":1,"bloodandmadness:father_gascoigne_beast":1,"alexsmobs:grizzly_bear":1,"mowziesmobs:frostmaw":1,"alexsmobs:bald_eagle":1},"minecraft:killed":{"minecraft:spider":4,"bloodandmadness:brick_troll":3,"alexsmobs:shoebill":1,"bloodandmadness:large_huntsman_spear":1,"bloodandmadness:female_beast_patient":4,"minecraft:skeleton":11,"bloodandmadness:beast_patient":17,"minecraft:chicken":1,"minecraft:tropical_fish":1,"minecraft:pig":5,"bloodandmadness:pitchfork_huntsman":4,"minecraft:salmon":40,"bloodandmadness:saber_huntsman":4,"bloodandmadness:hunting_dog":3,"bloodandmadness:rifle_huntsman":4,"minecraft:creeper":14,"rats:rat":2,"minecraft:sheep":21,"minecraft:trader_llama":3,"minecraft:pillager":1,"minecraft:zombie":31,"alexsmobs:fly":1,"minecraft:cow":16,"bloodandmadness:church_doctor":2,"bloodandmadness:rabid_dog":1,"alexsmobs:raccoon":3,"bloodandmadness:axe_huntsman":4,"alexsmobs:seagull":1,"alexsmobs:gorilla":1,"minecraft:horse":1,"bloodandmadness:brainsucker":1,"bloodandmadness:wolf_beast":1,"bloodandmadness:church_doctor_scythe":2,"minecraft:drowned":4,"rats:plague_doctor":2,"bloodandmadness:church_doctor_lantern":1,"minecraft:squid":1,"alexsmobs:crocodile":1,"bloodandmadness:church_doctor_crucifix":1,"alexsmobs:crow":1},"minecraft:crafted":{"minecraft:oak_planks":272,"minecraft:cooked_chicken":1,"minecraft:cooked_mutton":21,"minecraft:glass":63,"minecraft:iron_boots":3,"minecraft:chest":4,"minecraft:oak_fence":93,"minecraft:oak_slab":12,"minecraft:wooden_shovel":2,"minecraft:cooked_porkchop":5,"minecraft:crafting_table":1,"minecraft:spruce_planks":24,"minecraft:iron_helmet":3,"minecraft:baked_potato":21,"minecraft:wooden_pickaxe":1,"travelersbackpack:standard":3,"minecraft:birch_planks":24,"minecraft:book":4,"minecraft:paper":30,"minecraft:diamond_pickaxe":1,"minecraft:shield":2,"minecraft:stick":184,"minecraft:iron_ingot":110,"minecraft:iron_pickaxe":8,"minecraft:snow_block":128,"minecraft:gold_ingot":9,"minecraft:light_gray_dye":16,"minecraft:shears":1,"minecraft:stone_shovel":11,"minecraft:iron_nugget":63,"minecraft:furnace":1,"minecraft:bone_meal":18,"minecraft:white_carpet":30,"minecraft:flint_and_steel":1,"cgm:shotgun":1,"travelersbackpack:white_sleeping_bag":3,"minecraft:iron_axe":2,"minecraft:stone_pickaxe":4,"minecraft:dark_oak_planks":24,"minecraft:cooked_beef":15,"minecraft:sugar":1,"minecraft:red_dye":1,"travelersbackpack:backpack_tank":2,"minecraft:cooked_salmon":8,"minecraft:bucket":2,"minecraft:stone_axe":2,"minecraft:air":0,"minecraft:gold_nugget":54,"minecraft:iron_shovel":4,"minecraft:iron_leggings":3,"minecraft:torch":112},"minecraft:picked_up":{"minecraft:iron_chestplate":4,"minecraft:wheat":17,"rats:herb_bundle":1,"minecraft:lead":36,"minecraft:golden_shovel":1,"minecraft:brewing_stand":2,"minecraft:string":4,"minecraft:cooked_salmon":4,"minecraft:iron_leggings":4,"rats:contaminated_food":2,"minecraft:spruce_planks":10,"minecraft:iron_pickaxe":4,"minecraft:iron_boots":2,"minecraft:furnace":10,"minecraft:dark_oak_door":1,"minecraft:stick":4,"minecraft:oak_fence":16,"minecraft:torch":97,"minecraft:porkchop":15,"minecraft:diorite":76,"minecraft:honey_bottle":1,"minecraft:rotten_flesh":40,"bloodandmadness:molotov_cocktail":1,"minecraft:carved_pumpkin":3,"bloodandmadness:blood_stone_shard":24,"minecraft:cod":1,"minecraft:snowball":1004,"minecraft:cobblestone":2004,"minecraft:birch_log":6,"minecraft:feather":1,"minecraft:cooked_beef":20,"minecraft:water_bucket":6,"minecraft:andesite":135,"minecraft:brown_wool":1,"minecraft:dark_oak_boat":2,"minecraft:flint":17,"rats:raw_rat":3,"minecraft:lapis_lazuli":30,"minecraft:dirt":1594,"minecraft:glass":37,"minecraft:bone":14,"travelersbackpack:backpack_tank":4,"minecraft:bow":2,"minecraft:wheat_seeds":99,"minecraft:oak_planks":35,"minecraft:sand":162,"minecraft:ink_sac":4,"minecraft:dark_oak_log":7,"alexsmobs:animal_dictionary":2,"travelersbackpack:white_sleeping_bag":1,"cgm:shell":239,"minecraft:light_gray_concrete":5,"bloodandmadness:blood_stone_chunk":1,"minecraft:diamond":5,"minecraft:granite":77,"minecraft:bone_meal":3,"minecraft:golden_horse_armor":1,"minecraft:bread":2,"alexsmobs:maggot":2,"minecraft:oak_sapling":14,"minecraft:oak_leaves":73,"minecraft:fishing_rod":2,"minecraft:crafting_table":12,"minecraft:chicken":1,"minecraft:gold_block":2,"minecraft:shield":3,"minecraft:iron_axe":5,"cgm:shotgun":6,"minecraft:white_carpet":16,"minecraft:iron_shovel":3,"bloodandmadness:blood_vial":37,"minecraft:beef":51,"minecraft:iron_nugget":2,"minecraft:poppy":4,"minecraft:sugar_cane":130,"minecraft:chest":3,"minecraft:egg":17,"minecraft:carrot":15,"minecraft:redstone":13,"minecraft:arrow":10,"minecraft:stone_shovel":2,"minecraft:peony":2,"minecraft:shears":5,"minecraft:mutton":36,"minecraft:white_wool":23,"minecraft:oxeye_daisy":16,"minecraft:salmon":85,"minecraft:leather":36,"minecraft:birch_planks":2,"minecraft:oak_log":159,"rats:rat_pelt":1,"minecraft:yellow_bed":4,"minecraft:gunpowder":11,"minecraft:white_banner":1,"minecraft:cooked_mutton":21,"bloodandmadness:quicksilver_bullet":18,"bloodandmadness:raw_quicksilver":16,"alexsmobs:cockroach_wing_fragment":1,"minecraft:iron_ingot":17,"minecraft:stone_pickaxe":2,"minecraft:iron_ore":200,"minecraft:glass_bottle":3,"minecraft:iron_sword":2,"minecraft:book":24,"minecraft:oak_slab":5,"minecraft:pumpkin":1,"minecraft:sweet_berries":17,"minecraft:dandelion":1,"minecraft:gravel":253,"minecraft:white_bed":12,"minecraft:spruce_log":6,"minecraft:spider_eye":2,"travelersbackpack:standard":6,"minecraft:pumpkin_seeds":4,"bloodandmadness:coldblood_dew":474,"minecraft:stone_axe":1,"minecraft:baked_potato":4,"minecraft:black_wool":1,"cgm:workbench":2,"minecraft:coal":357},"minecraft:broken":{"minecraft:iron_shovel":3,"minecraft:iron_boots":1,"minecraft:iron_chestplate":1,"minecraft:golden_shovel":1,"minecraft:iron_leggings":1,"minecraft:stone_pickaxe":2,"minecraft:stone_axe":1,"minecraft:iron_sword":1,"minecraft:stone_shovel":10,"minecraft:shield":1,"minecraft:iron_axe":1,"minecraft:iron_pickaxe":6,"minecraft:iron_helmet":1},"minecraft:mined":{"minecraft:spruce_planks":11,"minecraft:white_bed":3,"minecraft:brewing_stand":2,"minecraft:carved_pumpkin":1,"minecraft:granite":49,"minecraft:grass_block":530,"minecraft:oxeye_daisy":16,"minecraft:tall_seagrass":2,"minecraft:iron_ore":171,"minecraft:fire":56,"minecraft:light_gray_concrete":5,"dead_guys_untitled_deep_dark_:cold_sculk":1,"minecraft:kelp_plant":1,"minecraft:torch":39,"minecraft:poppy":4,"minecraft:chest":3,"minecraft:glass":2,"minecraft:cobblestone":45,"bloodandmadness:mercury_soaked_stone":16,"minecraft:sugar_cane":86,"minecraft:oak_planks":32,"minecraft:wall_torch":13,"minecraft:seagrass":1,"minecraft:birch_log":6,"minecraft:wheat":17,"minecraft:grass":359,"minecraft:oak_log":117,"minecraft:sand":163,"minecraft:dirt":417,"minecraft:oak_leaves":126,"minecraft:diamond_ore":5,"minecraft:dark_oak_log":5,"minecraft:spruce_leaves":1,"minecraft:kelp":1,"cgm:workbench":2,"minecraft:redstone_ore":3,"minecraft:furnace":8,"minecraft:carrots":4,"minecraft:snow":993,"minecraft:andesite":122,"minecraft:peony":1,"minecraft:gold_block":2,"minecraft:bookshelf":4,"minecraft:stone":1475,"minecraft:oak_slab":4,"minecraft:snow_block":29,"travelersbackpack:standard":5,"minecraft:oak_fence":15,"minecraft:crafting_table":12,"minecraft:cornflower":1,"minecraft:tall_grass":58,"minecraft:lapis_ore":5,"minecraft:diorite":68,"minecraft:birch_planks":2,"minecraft:white_carpet":21,"minecraft:spruce_log":6,"minecraft:yellow_bed":2,"minecraft:grass_path":1,"minecraft:coal_ore":165,"minecraft:gravel":149,"minecraft:fern":5},"minecraft:custom":{"minecraft:animals_bred":13,"minecraft:interact_with_crafting_table":50,"minecraft:bell_ring":1,"minecraft:leave_game":5,"minecraft:time_since_death":22107,"minecraft:sprint_one_cm":1514155,"minecraft:damage_blocked_by_shield":360,"minecraft:drop":210,"minecraft:talked_to_villager":8,"minecraft:deaths":8,"minecraft:jump":9727,"minecraft:walk_on_water_one_cm":97294,"minecraft:interact_with_furnace":117,"minecraft:play_one_minute":464055,"minecraft:sleep_in_bed":18,"minecraft:damage_dealt":25551,"minecraft:crouch_one_cm":179360,"minecraft:mob_kills":222,"minecraft:climb_one_cm":1430,"minecraft:walk_one_cm":1124752,"minecraft:sneak_time":46292,"minecraft:walk_under_water_one_cm":41281,"minecraft:boat_one_cm":148884,"minecraft:time_since_rest":22133,"minecraft:damage_taken":8575,"minecraft:swim_one_cm":79540,"minecraft:fly_one_cm":1971163,"minecraft:open_chest":254,"minecraft:fall_one_cm":217081},"minecraft:dropped":{"bloodandmadness:blood_stone_chunk":1,"minecraft:iron_sword":2,"minecraft:porkchop":6,"minecraft:lapis_lazuli":30,"minecraft:oak_log":28,"bloodandmadness:blood_vial":15,"minecraft:golden_pickaxe":1,"minecraft:leather":1,"travelersbackpack:standard":3,"minecraft:flint":5,"minecraft:dirt":40,"minecraft:dark_oak_log":1,"minecraft:mutton":7,"minecraft:snowball":1,"minecraft:gold_nugget":12,"minecraft:bone_meal":1,"minecraft:sand":37,"minecraft:sugar":1,"rats:contaminated_food":2,"minecraft:white_wool":19,"cgm:shell":1,"minecraft:bone":2,"minecraft:gravel":293,"minecraft:dark_oak_door":1,"minecraft:stone_axe":1,"minecraft:sugar_cane":4,"minecraft:iron_nugget":5,"alexsmobs:animal_dictionary":2,"bloodandmadness:molotov_cocktail":1,"minecraft:rotten_flesh":35,"minecraft:oak_planks":7,"minecraft:cooked_mutton":6,"minecraft:golden_shovel":1,"minecraft:honey_bottle":1,"minecraft:white_bed":1,"minecraft:salmon":57,"minecraft:poppy":2,"bloodandmadness:coldblood_dew":213,"minecraft:iron_ore":27,"minecraft:glass":42,"minecraft:beef":20,"minecraft:water_bucket":3,"minecraft:iron_ingot":8,"minecraft:bread":3,"minecraft:wheat_seeds":18,"minecraft:golden_helmet":1,"minecraft:golden_horse_armor":2,"minecraft:iron_helmet":2,"minecraft:cobblestone":205,"minecraft:lead":2,"minecraft:apple":6,"minecraft:granite":2,"minecraft:coal":115,"minecraft:stick":30,"rats:herb_bundle":1,"minecraft:diorite":2,"minecraft:brewing_stand":1,"minecraft:brown_wool":1,"minecraft:cooked_salmon":4,"minecraft:iron_leggings":3,"minecraft:pumpkin":1,"bloodandmadness:raw_quicksilver":16,"rats:raw_rat":2,"minecraft:dandelion":1,"minecraft:furnace":1,"minecraft:sweet_berries":16,"alexsmobs:maggot":2,"minecraft:iron_boots":2,"minecraft:light_gray_concrete":5,"minecraft:pumpkin_seeds":4,"minecraft:potato":4,"alexsmobs:cockroach_wing_fragment":1,"minecraft:peony":2,"minecraft:iron_chestplate":1,"minecraft:andesite":1,"minecraft:wooden_shovel":2,"minecraft:carved_pumpkin":2,"minecraft:spider_eye":2,"minecraft:light_gray_dye":31,"minecraft:bow":1,"bloodandmadness:blood_stone_shard":11,"minecraft:stone_pickaxe":3,"minecraft:wooden_pickaxe":1}},"DataVersion":2586}