{"stats":{"minecraft:mined":{"minecraft:white_bed":3,"minecraft:brewing_stand":1,"minecraft:crafting_table":1,"minecraft:torch":3,"minecraft:granite":3,"minecraft:grass_block":1,"minecraft:sugar_cane":3,"minecraft:diorite":1,"minecraft:wall_torch":2,"minecraft:birch_log":6,"minecraft:iron_ore":27,"minecraft:andesite":5,"minecraft:grass":1,"minecraft:oak_log":37,"minecraft:coal_ore":45,"minecraft:sand":13,"minecraft:dirt":21,"minecraft:gravel":2,"minecraft:stone":124,"minecraft:oak_leaves":25},"minecraft:used":{"minecraft:stone_shovel":30,"minecraft:stone_pickaxe":194,"minecraft:wooden_pickaxe":16,"minecraft:iron_sword":30,"minecraft:cooked_salmon":1,"minecraft:salmon":1,"minecraft:torch":32,"minecraft:brewing_stand":1,"minecraft:dirt":4,"minecraft:crafting_table":1,"minecraft:white_bed":3,"minecraft:granite":1,"minecraft:bread":2,"minecraft:gravel":5,"minecraft:stone_axe":70,"minecraft:cobblestone":1,"minecraft:oak_sapling":9,"bloodandmadness:blood_vial":1,"minecraft:andesite":5},"minecraft:broken":{"minecraft:stone_pickaxe":1},"minecraft:killed":{"minecraft:salmon":26,"rats:rat":1,"minecraft:zombie":4,"bloodandmadness:beast_patient":2,"minecraft:tropical_fish":1,"minecraft:cow":4},"minecraft:custom":{"minecraft:interact_with_furnace":25,"minecraft:mob_kills":39,"minecraft:interact_with_crafting_table":13,"minecraft:play_one_minute":45662,"minecraft:bell_ring":1,"minecraft:time_since_death":28283,"minecraft:sleep_in_bed":1,"minecraft:time_since_rest":14102,"minecraft:sprint_one_cm":108191,"minecraft:damage_taken":602,"minecraft:walk_one_cm":63619,"minecraft:drop":35,"minecraft:damage_dealt":2605,"minecraft:talked_to_villager":2,"minecraft:swim_one_cm":18165,"minecraft:fly_one_cm":179134,"minecraft:open_chest":25,"minecraft:crouch_one_cm":17247,"minecraft:deaths":3,"minecraft:sneak_time":6212,"minecraft:walk_under_water_one_cm":11788,"minecraft:jump":867,"minecraft:walk_on_water_one_cm":18645,"minecraft:fall_one_cm":17880},"minecraft:dropped":{"minecraft:gravel":6,"minecraft:bread":2,"minecraft:stone_axe":1,"alexsmobs:animal_dictionary":1,"bloodandmadness:blood_vial":1,"minecraft:rotten_flesh":2,"minecraft:oak_planks":7,"minecraft:apple":3,"minecraft:granite":2,"minecraft:white_bed":1,"minecraft:salmon":14,"minecraft:coal":32,"minecraft:stick":18,"minecraft:potato":4,"bloodandmadness:coldblood_dew":46,"minecraft:cooked_salmon":4,"minecraft:bone_meal":1,"bloodandmadness:blood_stone_shard":1,"minecraft:iron_ore":27,"minecraft:beef":9,"minecraft:stone_pickaxe":1,"minecraft:wooden_pickaxe":1,"rats:raw_rat":1},"minecraft:picked_up":{"minecraft:birch_log":6,"minecraft:crafting_table":1,"minecraft:iron_chestplate":1,"minecraft:andesite":5,"minecraft:salmon":27,"minecraft:leather":5,"minecraft:oak_log":40,"minecraft:brewing_stand":1,"rats:raw_rat":1,"minecraft:dirt":22,"minecraft:cooked_salmon":4,"bloodandmadness:blood_vial":3,"minecraft:beef":9,"minecraft:stone_pickaxe":1,"minecraft:iron_ore":44,"minecraft:sugar_cane":10,"minecraft:iron_sword":1,"minecraft:stick":1,"minecraft:torch":37,"minecraft:gravel":11,"minecraft:sand":13,"minecraft:white_bed":4,"bloodandmadness:coldblood_dew":62,"minecraft:rotten_flesh":2,"minecraft:stone_axe":1,"minecraft:granite":3,"minecraft:bone_meal":1,"minecraft:oak_sapling":10,"bloodandmadness:blood_stone_shard":1,"minecraft:coal":42,"minecraft:cobblestone":166},"minecraft:killed_by":{"mowziesmobs:frostmaw":1},"minecraft:crafted":{"minecraft:cooked_beef":9,"minecraft:oak_planks":32,"minecraft:stone_shovel":1,"minecraft:crafting_table":1,"travelersbackpack:backpack_tank":2,"minecraft:wooden_pickaxe":1,"minecraft:cooked_salmon":2,"minecraft:stone_axe":2,"minecraft:air":0,"minecraft:glass":10,"minecraft:stick":40,"minecraft:iron_ingot":6,"minecraft:stone_pickaxe":3,"minecraft:chest":1,"minecraft:torch":36}},"DataVersion":2586}