{"stats":{"minecraft:dropped":{"bloodandmadness:blood_stone_chunk":1,"minecraft:iron_sword":2,"minecraft:porkchop":6,"apotheosis:epic_tome":1,"minecraft:lapis_lazuli":30,"minecraft:oak_log":28,"bloodandmadness:blood_vial":15,"minecraft:golden_pickaxe":2,"minecraft:cooked_porkchop":2,"minecraft:leather":1,"minecraft:saddle":1,"travelersbackpack:standard":3,"minecraft:item_frame":1,"minecraft:flint":5,"minecraft:dirt":79,"minecraft:dark_oak_log":1,"minecraft:mutton":7,"minecraft:cut_sandstone":1,"minecraft:snowball":1,"minecraft:gold_nugget":12,"minecraft:bone_meal":1,"minecraft:sand":38,"minecraft:sugar":1,"apotheosis:scrap_tome":1,"rats:contaminated_food":2,"minecraft:white_wool":19,"cgm:shell":1,"minecraft:bone":4,"minecraft:gravel":293,"minecraft:dark_oak_door":1,"minecraft:stone_axe":1,"minecraft:sugar_cane":4,"minecraft:iron_nugget":5,"alexsmobs:animal_dictionary":2,"bloodandmadness:molotov_cocktail":1,"apotheosis:mythic_tome":2,"minecraft:obsidian":1,"minecraft:rotten_flesh":35,"minecraft:oak_planks":7,"minecraft:cooked_mutton":6,"minecraft:golden_shovel":1,"minecraft:honey_bottle":1,"minecraft:white_bed":1,"minecraft:salmon":57,"minecraft:poppy":2,"apotheosis:digger_book":1,"bloodandmadness:coldblood_dew":279,"apotheosis:null_book":1,"minecraft:iron_ore":27,"apotheosis:armor_feet_book":1,"minecraft:arrow":5,"minecraft:glass":42,"minecraft:beef":20,"apotheosis:rare_tome":2,"minecraft:enchanted_book":3,"minecraft:water_bucket":3,"minecraft:iron_ingot":8,"minecraft:bread":3,"minecraft:wheat_seeds":18,"minecraft:golden_helmet":1,"dead_guys_untitled_deep_dark_:cold_deep_stone":1,"minecraft:golden_horse_armor":2,"minecraft:lead":3,"minecraft:iron_helmet":2,"minecraft:cobblestone":205,"minecraft:book":6,"minecraft:apple":6,"minecraft:granite":2,"apotheosis:uncommon_tome":1,"minecraft:coal":115,"minecraft:stick":30,"minecraft:diamond_horse_armor":1,"apotheosis:common_tome":4,"rats:herb_bundle":1,"minecraft:diorite":2,"minecraft:brewing_stand":1,"minecraft:brown_wool":1,"minecraft:cooked_salmon":4,"tombstone:grave_dust":2,"minecraft:fire_charge":1,"minecraft:iron_leggings":3,"minecraft:pumpkin":1,"bloodandmadness:raw_quicksilver":17,"rats:raw_rat":2,"minecraft:dandelion":1,"minecraft:furnace":1,"alexsmobs:maggot":3,"minecraft:sweet_berries":16,"zombie_extreme:chips":1,"dead_guys_untitled_deep_dark_:dahlia_petal":1,"minecraft:iron_boots":3,"minecraft:light_gray_concrete":5,"minecraft:pumpkin_seeds":4,"apotheosis:weapon_book":1,"minecraft:potato":4,"mowziesmobs:barakoa_mask_fury":1,"alexsmobs:cockroach_wing_fragment":1,"minecraft:peony":2,"minecraft:spruce_planks":1,"minecraft:iron_chestplate":1,"minecraft:andesite":1,"minecraft:wooden_shovel":2,"minecraft:carved_pumpkin":2,"minecraft:stone_pressure_plate":1,"minecraft:spider_eye":2,"minecraft:light_gray_dye":31,"minecraft:sandstone":10,"minecraft:bow":1,"bloodandmadness:blood_stone_shard":13,"minecraft:stone_pickaxe":3,"minecraft:wooden_pickaxe":1,"dead_guys_untitled_deep_dark_:cold_sculk_prairie":1},"minecraft:broken":{"minecraft:iron_shovel":3,"minecraft:iron_boots":1,"minecraft:iron_chestplate":1,"minecraft:golden_shovel":1,"minecraft:iron_leggings":1,"minecraft:stone_pickaxe":2,"minecraft:stone_axe":1,"minecraft:iron_sword":1,"minecraft:stone_shovel":10,"minecraft:shield":1,"minecraft:iron_axe":2,"minecraft:iron_pickaxe":6,"minecraft:iron_helmet":1},"minecraft:killed_by":{"minecraft:creeper":1,"bloodandmadness:father_gascoigne":1,"bloodandmadness:large_huntsman_spear":1,"minecraft:zombie":1,"bloodandmadness:father_gascoigne_beast":1,"alexsmobs:grizzly_bear":1,"mowziesmobs:frostmaw":1,"bloodandmadness:church_doctor_scythe":1,"bloodandmadness:saber_huntsman":1,"alexsmobs:bald_eagle":1},"minecraft:crafted":{"minecraft:oak_planks":292,"minecraft:cooked_chicken":1,"minecraft:cooked_mutton":21,"minecraft:glass":68,"minecraft:iron_boots":4,"tombstone:grave_key":1,"minecraft:chest":8,"minecraft:oak_fence":93,"minecraft:oak_slab":12,"minecraft:wooden_shovel":2,"travelersbackpack:iron_tier_upgrade":1,"minecraft:cooked_porkchop":7,"minecraft:crafting_table":1,"minecraft:spruce_planks":24,"minecraft:iron_helmet":4,"minecraft:baked_potato":21,"minecraft:wooden_pickaxe":1,"travelersbackpack:standard":3,"minecraft:smithing_table":1,"minecraft:birch_planks":24,"minecraft:iron_chestplate":1,"minecraft:book":4,"minecraft:paper":30,"minecraft:diamond_pickaxe":1,"minecraft:shield":2,"minecraft:stick":184,"minecraft:iron_ingot":149,"minecraft:iron_pickaxe":8,"minecraft:snow_block":128,"minecraft:gold_ingot":27,"minecraft:light_gray_dye":16,"minecraft:shears":1,"minecraft:golden_carrot":15,"minecraft:stone_shovel":11,"minecraft:iron_nugget":108,"minecraft:furnace":1,"minecraft:bone_meal":18,"travelersbackpack:gold_tier_upgrade":1,"minecraft:white_carpet":30,"travelersbackpack:blank_upgrade":4,"minecraft:flint_and_steel":1,"cgm:shotgun":1,"travelersbackpack:white_sleeping_bag":3,"minecraft:iron_axe":3,"minecraft:stone_pickaxe":4,"minecraft:dark_oak_planks":24,"minecraft:cooked_beef":30,"minecraft:sugar":1,"minecraft:red_dye":1,"travelersbackpack:backpack_tank":4,"minecraft:cooked_salmon":8,"minecraft:bucket":2,"minecraft:stone_axe":2,"minecraft:air":0,"minecraft:gold_nugget":162,"minecraft:iron_leggings":4,"minecraft:iron_shovel":4,"minecraft:torch":112},"minecraft:mined":{"minecraft:spruce_planks":14,"minecraft:stone_pressure_plate":2,"minecraft:white_bed":3,"minecraft:brewing_stand":2,"minecraft:carved_pumpkin":1,"minecraft:granite":49,"minecraft:grass_block":565,"minecraft:oxeye_daisy":16,"minecraft:spawner":1,"minecraft:tall_seagrass":2,"minecraft:magma_block":3,"minecraft:iron_ore":213,"minecraft:fire":56,"minecraft:iron_bars":4,"minecraft:light_gray_concrete":7,"dead_guys_untitled_deep_dark_:cold_sculk":1,"minecraft:cut_sandstone":2,"minecraft:kelp_plant":1,"minecraft:orange_terracotta":1,"minecraft:torch":39,"minecraft:poppy":4,"minecraft:chest":5,"bloodandmadness:mercury_soaked_stone":16,"minecraft:glass":2,"minecraft:cobblestone":59,"minecraft:oak_planks":32,"minecraft:sugar_cane":121,"minecraft:wall_torch":13,"minecraft:seagrass":1,"minecraft:wheat":17,"minecraft:birch_log":6,"minecraft:tnt":7,"minecraft:stone_brick_stairs":1,"minecraft:grass":370,"minecraft:oak_log":117,"minecraft:sand":169,"minecraft:dirt":425,"minecraft:netherrack":11,"minecraft:oak_leaves":126,"minecraft:diamond_ore":5,"minecraft:dark_oak_log":5,"minecraft:spruce_leaves":1,"minecraft:kelp":1,"minecraft:sandstone":19,"cgm:workbench":2,"minecraft:redstone_ore":3,"minecraft:carrots":17,"minecraft:furnace":8,"minecraft:snow":993,"minecraft:andesite":122,"minecraft:peony":1,"minecraft:gold_block":5,"minecraft:bookshelf":35,"minecraft:vine":2,"minecraft:stone":1494,"minecraft:oak_slab":4,"minecraft:snow_block":29,"travelersbackpack:standard":8,"minecraft:oak_fence":15,"minecraft:crafting_table":12,"minecraft:cornflower":1,"minecraft:tall_grass":65,"minecraft:lapis_ore":5,"minecraft:diorite":68,"minecraft:birch_planks":2,"minecraft:white_carpet":27,"minecraft:spruce_log":6,"minecraft:yellow_bed":2,"minecraft:grass_path":1,"minecraft:coal_ore":165,"minecraft:gravel":149,"minecraft:stone_bricks":6,"minecraft:fern":5},"minecraft:killed":{"mowziesmobs:barakoan_barakoana":8,"zombie_extreme:night_hunter":1,"minecraft:spider":4,"bloodandmadness:brick_troll":3,"alexsmobs:shoebill":1,"bloodandmadness:large_huntsman_spear":1,"bloodandmadness:female_beast_patient":7,"minecraft:skeleton":14,"bloodandmadness:beast_patient":22,"minecraft:chicken":1,"minecraft:tropical_fish":1,"minecraft:pig":5,"bloodandmadness:pitchfork_huntsman":4,"zombie_extreme:infected_hazmat":1,"minecraft:salmon":40,"bloodandmadness:saber_huntsman":4,"bloodandmadness:hunting_dog":5,"bloodandmadness:rifle_huntsman":4,"minecraft:creeper":28,"rats:rat":2,"minecraft:sheep":21,"minecraft:trader_llama":3,"minecraft:pillager":1,"minecraft:zombie":35,"alexsmobs:fly":2,"minecraft:cow":16,"bloodandmadness:church_doctor":2,"bloodandmadness:rabid_dog":2,"alexsmobs:raccoon":3,"bloodandmadness:axe_huntsman":4,"alexsmobs:tasmanian_devil":2,"alexsmobs:seagull":1,"alexsmobs:rattlesnake":3,"zombie_extreme:drawnedzombie":1,"alexsmobs:gorilla":1,"minecraft:horse":1,"bloodandmadness:brainsucker":1,"bloodandmadness:wolf_beast":1,"bloodandmadness:church_doctor_scythe":2,"minecraft:drowned":4,"rats:plague_doctor":2,"bloodandmadness:church_doctor_lantern":1,"minecraft:squid":1,"alexsmobs:crocodile":1,"mowziesmobs:barakoana":2,"bloodandmadness:church_doctor_crucifix":1,"alexsmobs:crow":1},"minecraft:picked_up":{"minecraft:iron_chestplate":4,"minecraft:wheat":19,"apotheosis:rare_tome":2,"rats:herb_bundle":1,"minecraft:lead":36,"minecraft:enchanted_book":2,"minecraft:golden_shovel":1,"minecraft:brewing_stand":2,"minecraft:string":4,"zombie_extreme:chips":1,"minecraft:cooked_salmon":4,"minecraft:iron_leggings":4,"rats:contaminated_food":2,"minecraft:spruce_planks":17,"minecraft:iron_pickaxe":6,"alexsmobs:raccoon_tail":1,"minecraft:iron_boots":2,"minecraft:furnace":10,"minecraft:dark_oak_door":1,"minecraft:stick":4,"minecraft:oak_fence":18,"minecraft:torch":97,"minecraft:porkchop":15,"tombstone:grave_dust":2,"minecraft:diorite":76,"apotheosis:uncommon_tome":1,"minecraft:honey_bottle":1,"minecraft:rotten_flesh":44,"bloodandmadness:molotov_cocktail":1,"minecraft:carved_pumpkin":3,"bloodandmadness:blood_stone_shard":26,"minecraft:iron_bars":2,"minecraft:cod":1,"minecraft:snowball":1004,"minecraft:cobblestone":2127,"minecraft:birch_log":6,"minecraft:feather":1,"minecraft:cooked_beef":31,"minecraft:water_bucket":8,"minecraft:andesite":135,"minecraft:brown_wool":1,"minecraft:dark_oak_boat":2,"mowziesmobs:barakoa_mask_fury":1,"minecraft:flint":17,"rats:raw_rat":3,"minecraft:lapis_lazuli":30,"minecraft:dirt":1645,"minecraft:glass":37,"minecraft:bone":24,"travelersbackpack:backpack_tank":4,"minecraft:bow":2,"minecraft:wheat_seeds":99,"apotheosis:digger_book":2,"minecraft:oak_planks":35,"minecraft:cooked_porkchop":2,"apotheosis:null_book":2,"minecraft:sand":168,"minecraft:ink_sac":4,"dead_guys_untitled_deep_dark_:cold_sculk_prairie":1,"minecraft:dark_oak_log":7,"alexsmobs:animal_dictionary":2,"travelersbackpack:white_sleeping_bag":1,"cgm:shell":551,"minecraft:light_gray_concrete":7,"bloodandmadness:blood_stone_chunk":1,"minecraft:diamond":7,"minecraft:granite":77,"minecraft:bone_meal":3,"minecraft:golden_horse_armor":1,"minecraft:bread":2,"alexsmobs:maggot":3,"minecraft:oak_sapling":14,"minecraft:oak_leaves":73,"minecraft:fishing_rod":2,"minecraft:crafting_table":12,"minecraft:chicken":1,"apotheosis:weapon_book":2,"minecraft:gold_block":5,"dead_guys_untitled_deep_dark_:dahlia_petal":1,"apotheosis:mythic_tome":2,"minecraft:shield":3,"minecraft:iron_axe":7,"cgm:shotgun":8,"minecraft:item_frame":1,"minecraft:white_carpet":24,"minecraft:iron_shovel":5,"bloodandmadness:blood_vial":41,"apotheosis:scrap_tome":2,"apotheosis:armor_feet_book":2,"minecraft:beef":81,"minecraft:iron_nugget":2,"minecraft:poppy":4,"minecraft:sugar_cane":338,"minecraft:chest":5,"minecraft:egg":33,"minecraft:sandstone":19,"dead_guys_untitled_deep_dark_:cold_deep_stone":1,"apotheosis:common_tome":5,"minecraft:carrot":60,"minecraft:redstone":13,"minecraft:stone_pressure_plate":2,"minecraft:tnt":2,"minecraft:arrow":18,"minecraft:stone_shovel":2,"minecraft:peony":2,"minecraft:shears":7,"minecraft:gold_ingot":2,"minecraft:mutton":36,"minecraft:white_wool":23,"minecraft:oxeye_daisy":16,"minecraft:salmon":85,"minecraft:cut_sandstone":2,"minecraft:leather":58,"minecraft:birch_planks":2,"minecraft:oak_log":199,"rats:rat_pelt":1,"minecraft:yellow_bed":4,"minecraft:gunpowder":24,"minecraft:white_banner":1,"minecraft:orange_terracotta":1,"minecraft:cooked_mutton":21,"bloodandmadness:quicksilver_bullet":23,"bloodandmadness:raw_quicksilver":17,"alexsmobs:cockroach_wing_fragment":1,"minecraft:iron_ingot":17,"minecraft:stone_pickaxe":2,"minecraft:iron_ore":242,"minecraft:glass_bottle":3,"minecraft:iron_sword":2,"minecraft:book":108,"minecraft:oak_slab":21,"minecraft:pumpkin":1,"minecraft:sweet_berries":17,"minecraft:dandelion":1,"minecraft:gravel":253,"minecraft:white_bed":12,"minecraft:spruce_log":6,"minecraft:spider_eye":2,"travelersbackpack:standard":10,"minecraft:pumpkin_seeds":4,"bloodandmadness:coldblood_dew":616,"minecraft:stone_axe":1,"apotheosis:epic_tome":1,"minecraft:baked_potato":4,"minecraft:black_wool":1,"cgm:workbench":2,"minecraft:coal":357},"minecraft:custom":{"minecraft:animals_bred":13,"minecraft:interact_with_crafting_table":62,"minecraft:bell_ring":1,"minecraft:leave_game":8,"minecraft:time_since_death":71070,"minecraft:sprint_one_cm":2005228,"minecraft:damage_blocked_by_shield":360,"minecraft:drop":264,"minecraft:talked_to_villager":8,"minecraft:deaths":12,"minecraft:jump":14642,"minecraft:walk_on_water_one_cm":110732,"minecraft:interact_with_furnace":162,"minecraft:play_one_minute":589932,"minecraft:sleep_in_bed":23,"minecraft:damage_dealt":27709,"minecraft:crouch_one_cm":191271,"tombstone:undead_killed":9,"minecraft:interact_with_smithing_table":3,"minecraft:interact_with_anvil":7,"minecraft:mob_kills":274,"minecraft:climb_one_cm":1430,"minecraft:walk_one_cm":1275196,"minecraft:sneak_time":51000,"minecraft:walk_under_water_one_cm":44446,"minecraft:boat_one_cm":148884,"minecraft:time_since_rest":6360,"minecraft:damage_taken":11388,"minecraft:trigger_trapped_chest":5,"minecraft:swim_one_cm":91644,"minecraft:fly_one_cm":3405820,"minecraft:open_chest":366,"minecraft:fall_one_cm":345768},"minecraft:used":{"minecraft:iron_shovel":894,"minecraft:poppy":1,"minecraft:chest":13,"minecraft:shield":38,"minecraft:iron_sword":274,"minecraft:mutton":7,"minecraft:carrot":42,"minecraft:snowball":334,"minecraft:glass":48,"cgm:shotgun":323,"minecraft:dark_oak_boat":1,"minecraft:sweet_berries":1,"minecraft:oak_sapling":13,"minecraft:furnace":10,"bloodandmadness:blood_vial":12,"minecraft:stone_pickaxe":380,"minecraft:oak_planks":79,"minecraft:wooden_pickaxe":16,"minecraft:sugar_cane":29,"minecraft:oak_leaves":2,"minecraft:sand":2,"minecraft:shears":86,"minecraft:light_gray_concrete":2,"minecraft:bread":4,"minecraft:gravel":139,"minecraft:smithing_table":1,"minecraft:andesite":5,"minecraft:bone_meal":19,"minecraft:experience_bottle":2,"minecraft:oak_fence":99,"minecraft:flint_and_steel":12,"minecraft:carved_pumpkin":1,"minecraft:stone_shovel":1382,"minecraft:spruce_planks":12,"minecraft:wooden_shovel":11,"minecraft:cooked_salmon":14,"minecraft:cooked_chicken":1,"minecraft:torch":174,"minecraft:brewing_stand":1,"minecraft:dirt":355,"minecraft:anvil":1,"cgm:workbench":2,"minecraft:white_carpet":34,"minecraft:golden_shovel":62,"minecraft:granite":1,"minecraft:dark_oak_planks":24,"minecraft:iron_axe":385,"minecraft:golden_carrot":10,"tombstone:gift":1,"minecraft:cooked_beef":40,"minecraft:pumpkin":1,"minecraft:wheat_seeds":55,"minecraft:cooked_mutton":40,"minecraft:water_bucket":113,"minecraft:iron_ore":7,"minecraft:snow_block":64,"minecraft:birch_planks":2,"minecraft:baked_potato":21,"minecraft:salmon":2,"minecraft:oak_slab":9,"minecraft:tnt":1,"minecraft:crafting_table":11,"minecraft:white_bed":3,"minecraft:cod":1,"minecraft:black_wool":1,"minecraft:apple":3,"minecraft:iron_pickaxe":1904,"minecraft:stone_axe":92,"minecraft:fishing_rod":1,"travelersbackpack:standard":6,"minecraft:cobblestone":282,"minecraft:cooked_porkchop":12,"minecraft:bucket":115,"alexsmobs:animal_dictionary":3}},"DataVersion":2586}