{"stats":{"minecraft:crafted":{"minecraft:oak_planks":60,"minecraft:furnace":1,"minecraft:iron_axe":2,"minecraft:stone_pickaxe":1,"minecraft:magenta_dye":2,"minecraft:wheat":261,"minecraft:red_dye":1,"minecraft:crafting_table":2,"minecraft:wooden_pickaxe":1,"minecraft:stone_axe":1,"minecraft:bread":89,"minecraft:blue_dye":1,"minecraft:yellow_dye":1,"minecraft:stick":16,"minecraft:iron_pickaxe":1,"minecraft:wooden_axe":1},"minecraft:used":{"bloodandmadness:church_doctor_scythe_spawn_egg":1,"bloodandmadness:father_gascoigne_spawn_egg":1,"alexsmobs:spawn_egg_seal":2,"minecraft:rotten_flesh":10,"minecraft:dirt":3,"minecraft:anvil":1,"mowziesmobs:frostmaw_spawn_egg":1,"bloodandmadness:father_gascoigne_beast_spawn_egg":1,"minecraft:wooden_axe":45,"alexsmobs:spawn_egg_gorilla":1,"cgm:shotgun":46,"minecraft:iron_axe":29,"alexsmobs:spawn_egg_cachalot_whale":4,"alexsmobs:spawn_egg_snow_leopard":1,"minecraft:sweet_berries":8,"minecraft:furnace":1,"alexsmobs:spawn_egg_emu":1,"minecraft:oak_sapling":2,"alexsmobs:spawn_egg_tasmanian_devil":1,"minecraft:orange_terracotta":1,"alexsmobs:spawn_egg_warped_toad":1,"minecraft:stone_pickaxe":53,"minecraft:oak_planks":29,"minecraft:wooden_pickaxe":26,"minecraft:sandstone":10,"minecraft:green_bed":2,"minecraft:sand":17,"minecraft:tnt":2,"minecraft:crafting_table":3,"mowziesmobs:grottol_spawn_egg":1,"alexsmobs:spawn_egg_kangaroo":1,"minecraft:chiseled_sandstone":1,"minecraft:bread":37,"minecraft:cyan_bed":6,"alexsmobs:spawn_egg_alligator_snapping_turtle":1,"minecraft:iron_pickaxe":22,"minecraft:stone_axe":57,"minecraft:fishing_rod":7,"minecraft:diamond_sword":2,"minecraft:smithing_table":1,"bloodandmadness:brick_troll_spawn_egg":1,"minecraft:golden_pickaxe":1},"minecraft:dropped":{"minecraft:bread":2,"minecraft:wheat_seeds":3,"minecraft:oak_log":1,"minecraft:mossy_cobblestone":1,"minecraft:netherite_chestplate":2,"minecraft:diamond_leggings":2,"minecraft:netherite_helmet":2,"minecraft:iron_horse_armor":1,"minecraft:dirt":1,"minecraft:wooden_axe":1,"minecraft:cut_sandstone":1,"minecraft:netherite_boots":2,"minecraft:diamond_helmet":2,"minecraft:iron_axe":1,"minecraft:sand":2,"minecraft:red_dye":1,"minecraft:dandelion":2,"minecraft:bone":5,"minecraft:anvil":64,"minecraft:stone_axe":1,"alexsmobs:animal_dictionary":1,"minecraft:rotten_flesh":19,"minecraft:light_gray_wool":1,"rats:rat_upgrade_tnt_survivor":1,"mowziesmobs:grottol_spawn_egg":64,"minecraft:netherite_leggings":2,"minecraft:diamond_sword":2,"minecraft:potato":7,"minecraft:diamond_chestplate":2,"bloodandmadness:coldblood_dew":11,"minecraft:stone_pressure_plate":1,"minecraft:spider_eye":4,"minecraft:diamond_boots":2,"alexsmobs:spawn_egg_seal":64,"minecraft:wooden_pickaxe":1,"minecraft:magenta_dye":1,"minecraft:stone_pickaxe":1},"minecraft:custom":{"minecraft:interact_with_smithing_table":1,"minecraft:mob_kills":40,"minecraft:interact_with_anvil":3,"minecraft:animals_bred":1,"minecraft:interact_with_crafting_table":5,"minecraft:open_barrel":6,"minecraft:leave_game":4,"minecraft:time_since_death":46259,"minecraft:climb_one_cm":563,"minecraft:sprint_one_cm":406020,"minecraft:walk_one_cm":145718,"minecraft:drop":56,"minecraft:deaths":4,"minecraft:sneak_time":4420,"minecraft:walk_under_water_one_cm":16098,"minecraft:jump":3354,"minecraft:walk_on_water_one_cm":28771,"minecraft:interact_with_furnace":6,"minecraft:play_one_minute":112132,"minecraft:sleep_in_bed":6,"minecraft:time_since_rest":13155,"minecraft:damage_taken":2159,"minecraft:damage_dealt":5951,"minecraft:swim_one_cm":38049,"minecraft:fly_one_cm":1013377,"minecraft:open_chest":16,"minecraft:crouch_one_cm":7230,"minecraft:fall_one_cm":87542},"minecraft:killed_by":{"minecraft:husk":1,"alexsmobs:raccoon":1,"bloodandmadness:brainsucker":1,"alexsmobs:kangaroo":1},"minecraft:picked_up":{"minecraft:iron_chestplate":2,"minecraft:wheat":63,"minecraft:diamond_sword":1,"alexsmobs:roadrunner_feather":1,"minecraft:gold_block":2,"minecraft:cornflower":1,"minecraft:string":16,"mowziesmobs:grottol_spawn_egg":64,"minecraft:diamond_leggings":1,"minecraft:beef":42,"minecraft:poppy":1,"minecraft:light_gray_wool":2,"minecraft:enchanted_golden_apple":2,"minecraft:chest":6,"minecraft:sugar_cane":9,"minecraft:furnace":1,"minecraft:stick":4,"minecraft:sandstone":10,"minecraft:green_bed":2,"minecraft:fire_charge":1,"minecraft:porkchop":20,"minecraft:stone_pressure_plate":1,"alexsmobs:centipede_leg":1,"minecraft:iron_horse_armor":1,"minecraft:arrow":4,"minecraft:diamond_chestplate":1,"minecraft:rotten_flesh":57,"minecraft:diamond_boots":1,"minecraft:hay_block":43,"mowziesmobs:ice_crystal":1,"minecraft:netherite_chestplate":1,"alexsmobs:kangaroo_meat":2,"minecraft:obsidian":2,"minecraft:mutton":23,"minecraft:cobblestone":36,"minecraft:white_wool":14,"minecraft:netherite_boots":1,"minecraft:feather":3,"minecraft:lilac":1,"minecraft:cut_sandstone":1,"minecraft:leather":20,"bloodandmadness:siderite_fragment":2,"minecraft:potato":14,"minecraft:oak_log":36,"rats:rat_pelt":1,"minecraft:yellow_bed":2,"minecraft:gunpowder":25,"rats:raw_rat":1,"minecraft:netherite_leggings":1,"minecraft:dirt":4,"minecraft:orange_terracotta":1,"minecraft:bone":20,"bloodandmadness:quicksilver_bullet":4,"minecraft:apple":14,"minecraft:wheat_seeds":3,"minecraft:iron_ingot":17,"minecraft:iron_ore":61,"minecraft:diamond_helmet":1,"minecraft:oak_planks":43,"minecraft:sweet_berries":5,"minecraft:dandelion":2,"minecraft:sand":19,"minecraft:cyan_bed":8,"minecraft:chiseled_sandstone":1,"minecraft:spider_eye":4,"minecraft:mossy_cobblestone":1,"travelersbackpack:standard":2,"bloodandmadness:coldblood_dew":142,"minecraft:netherite_helmet":1,"minecraft:stone_axe":1,"minecraft:golden_apple":5,"minecraft:emerald":2,"minecraft:bread":73,"minecraft:oak_sapling":2,"minecraft:coal":56},"minecraft:killed":{"alexsmobs:tarantula_hawk":1,"alexsmobs:tasmanian_devil":1,"mowziesmobs:frostmaw":1,"minecraft:skeleton":2,"bloodandmadness:brainsucker":1,"bloodandmadness:carrion_crow":1,"alexsmobs:kangaroo":1,"minecraft:pig":4,"alexsmobs:seal":1,"minecraft:iron_golem":1,"minecraft:sheep":8,"alexsmobs:roadrunner":1,"alexsmobs:crow":2,"minecraft:cow":12},"minecraft:mined":{"minecraft:stone_pressure_plate":1,"minecraft:mossy_cobblestone":1,"minecraft:grass_block":3,"minecraft:spruce_leaves":9,"minecraft:sandstone":10,"minecraft:large_fern":2,"minecraft:hay_block":43,"minecraft:furnace":1,"minecraft:iron_ore":27,"minecraft:chiseled_sandstone":1,"minecraft:gold_block":2,"minecraft:stone":23,"minecraft:green_bed":2,"minecraft:cut_sandstone":1,"minecraft:orange_terracotta":1,"minecraft:dandelion":1,"travelersbackpack:standard":1,"minecraft:cornflower":1,"minecraft:poppy":2,"minecraft:chest":5,"minecraft:tall_grass":4,"minecraft:cyan_bed":7,"minecraft:sugar_cane":4,"minecraft:oak_planks":6,"minecraft:sweet_berry_bush":2,"minecraft:lilac":1,"minecraft:yellow_bed":1,"minecraft:grass":17,"minecraft:oak_log":31,"minecraft:coal_ore":24,"minecraft:sand":2,"minecraft:dirt":1,"minecraft:oak_leaves":5}},"DataVersion":2586}