{"stats":{"minecraft:picked_up":{"minecraft:iron_chestplate":1,"minecraft:crafting_table":10,"minecraft:chicken":1,"rats:herb_bundle":1,"minecraft:lead":4,"minecraft:gold_block":2,"minecraft:golden_shovel":1,"minecraft:brewing_stand":2,"minecraft:cooked_salmon":4,"minecraft:iron_leggings":1,"cgm:shotgun":1,"rats:contaminated_food":2,"bloodandmadness:blood_vial":27,"minecraft:spruce_planks":3,"minecraft:beef":30,"minecraft:iron_nugget":2,"minecraft:poppy":4,"minecraft:sugar_cane":19,"minecraft:chest":1,"minecraft:furnace":10,"minecraft:stick":1,"minecraft:torch":77,"minecraft:porkchop":11,"minecraft:diorite":2,"minecraft:redstone":13,"minecraft:arrow":7,"minecraft:rotten_flesh":31,"bloodandmadness:molotov_cocktail":1,"minecraft:peony":2,"minecraft:carved_pumpkin":1,"minecraft:mutton":36,"bloodandmadness:blood_stone_shard":10,"minecraft:snowball":610,"minecraft:white_wool":23,"minecraft:cobblestone":286,"minecraft:oxeye_daisy":16,"minecraft:birch_log":6,"minecraft:feather":1,"minecraft:cooked_beef":10,"minecraft:andesite":7,"minecraft:salmon":30,"minecraft:brown_wool":1,"minecraft:leather":16,"minecraft:dark_oak_boat":2,"minecraft:flint":13,"minecraft:oak_log":40,"minecraft:gunpowder":7,"rats:raw_rat":2,"minecraft:lapis_lazuli":30,"minecraft:dirt":195,"minecraft:cooked_mutton":9,"minecraft:glass":37,"minecraft:bone":8,"travelersbackpack:backpack_tank":4,"bloodandmadness:quicksilver_bullet":15,"minecraft:bow":2,"bloodandmadness:raw_quicksilver":16,"minecraft:wheat_seeds":19,"alexsmobs:cockroach_wing_fragment":1,"minecraft:iron_ingot":4,"minecraft:stone_pickaxe":1,"minecraft:iron_ore":158,"minecraft:iron_sword":2,"minecraft:pumpkin":1,"minecraft:dandelion":1,"minecraft:gravel":225,"minecraft:sand":95,"minecraft:pumpkin_seeds":4,"minecraft:ink_sac":2,"minecraft:spruce_log":6,"minecraft:white_bed":4,"minecraft:light_gray_concrete":5,"minecraft:dark_oak_log":3,"minecraft:spider_eye":1,"alexsmobs:animal_dictionary":1,"bloodandmadness:blood_stone_chunk":1,"travelersbackpack:white_sleeping_bag":1,"cgm:shell":144,"bloodandmadness:coldblood_dew":294,"minecraft:diamond":5,"minecraft:stone_axe":1,"minecraft:granite":3,"minecraft:bone_meal":1,"minecraft:golden_horse_armor":1,"minecraft:oak_sapling":10,"minecraft:black_wool":1,"minecraft:coal":285,"cgm:workbench":2},"minecraft:broken":{"minecraft:iron_shovel":1,"minecraft:golden_shovel":1,"minecraft:stone_pickaxe":2,"minecraft:stone_axe":1,"minecraft:iron_sword":1,"minecraft:stone_shovel":5},"minecraft:crafted":{"minecraft:oak_planks":36,"minecraft:stone_shovel":9,"minecraft:iron_nugget":27,"minecraft:cooked_chicken":1,"minecraft:furnace":1,"minecraft:flint_and_steel":1,"minecraft:glass":47,"cgm:shotgun":1,"travelersbackpack:white_sleeping_bag":3,"minecraft:iron_boots":3,"minecraft:iron_axe":1,"minecraft:stone_pickaxe":4,"minecraft:chest":4,"minecraft:cooked_beef":9,"minecraft:sugar":1,"minecraft:red_dye":1,"minecraft:wooden_shovel":2,"minecraft:cooked_porkchop":3,"minecraft:crafting_table":1,"minecraft:spruce_planks":24,"minecraft:iron_helmet":3,"travelersbackpack:backpack_tank":2,"travelersbackpack:standard":3,"minecraft:wooden_pickaxe":1,"minecraft:baked_potato":4,"minecraft:cooked_salmon":8,"minecraft:bucket":1,"minecraft:birch_planks":24,"minecraft:stone_axe":2,"minecraft:air":0,"minecraft:gold_nugget":18,"minecraft:shield":1,"minecraft:snow_block":128,"minecraft:stick":92,"minecraft:iron_ingot":81,"minecraft:iron_pickaxe":1,"minecraft:iron_leggings":3,"minecraft:gold_ingot":9,"minecraft:iron_shovel":1,"minecraft:light_gray_dye":16,"minecraft:torch":72,"minecraft:shears":1},"minecraft:killed":{"bloodandmadness:rabid_dog":1,"alexsmobs:raccoon":3,"bloodandmadness:axe_huntsman":3,"minecraft:spider":2,"bloodandmadness:brick_troll":2,"alexsmobs:shoebill":1,"alexsmobs:seagull":1,"alexsmobs:gorilla":1,"minecraft:skeleton":8,"minecraft:horse":1,"bloodandmadness:female_beast_patient":4,"bloodandmadness:brainsucker":1,"bloodandmadness:beast_patient":9,"bloodandmadness:wolf_beast":1,"minecraft:chicken":1,"minecraft:drowned":4,"minecraft:tropical_fish":1,"rats:plague_doctor":2,"minecraft:pig":5,"bloodandmadness:pitchfork_huntsman":3,"minecraft:salmon":26,"bloodandmadness:saber_huntsman":3,"bloodandmadness:hunting_dog":3,"bloodandmadness:church_doctor_lantern":1,"bloodandmadness:rifle_huntsman":3,"minecraft:creeper":7,"minecraft:squid":1,"rats:rat":2,"minecraft:sheep":21,"alexsmobs:crocodile":1,"minecraft:zombie":20,"bloodandmadness:church_doctor_crucifix":1,"minecraft:cow":14},"minecraft:killed_by":{"mowziesmobs:frostmaw":1},"minecraft:mined":{"minecraft:diamond_ore":5,"minecraft:spruce_planks":3,"minecraft:white_bed":3,"minecraft:dark_oak_log":1,"minecraft:brewing_stand":2,"minecraft:carved_pumpkin":1,"minecraft:granite":3,"minecraft:grass_block":140,"minecraft:spruce_leaves":1,"minecraft:kelp":1,"minecraft:oxeye_daisy":16,"cgm:workbench":2,"minecraft:redstone_ore":3,"minecraft:furnace":8,"minecraft:iron_ore":129,"minecraft:fire":56,"minecraft:snow":714,"minecraft:andesite":7,"minecraft:peony":1,"minecraft:gold_block":2,"minecraft:light_gray_concrete":5,"minecraft:stone":156,"dead_guys_untitled_deep_dark_:cold_sculk":1,"minecraft:kelp_plant":1,"minecraft:crafting_table":10,"minecraft:torch":38,"minecraft:poppy":4,"minecraft:chest":1,"minecraft:cobblestone":45,"minecraft:glass":2,"minecraft:tall_grass":21,"bloodandmadness:mercury_soaked_stone":16,"minecraft:lapis_ore":5,"minecraft:sugar_cane":7,"minecraft:diorite":1,"minecraft:wall_torch":5,"minecraft:birch_log":6,"minecraft:spruce_log":6,"minecraft:grass":141,"minecraft:oak_log":37,"minecraft:coal_ore":116,"minecraft:sand":96,"minecraft:gravel":132,"minecraft:dirt":58,"minecraft:oak_leaves":33},"minecraft:custom":{"minecraft:mob_kills":160,"minecraft:interact_with_crafting_table":41,"minecraft:bell_ring":1,"minecraft:leave_game":2,"minecraft:time_since_death":211736,"minecraft:climb_one_cm":1430,"minecraft:sprint_one_cm":688551,"minecraft:damage_blocked_by_shield":90,"minecraft:walk_one_cm":413382,"minecraft:drop":160,"minecraft:talked_to_villager":2,"minecraft:deaths":3,"minecraft:sneak_time":22006,"minecraft:walk_under_water_one_cm":26701,"minecraft:boat_one_cm":148884,"minecraft:jump":5368,"minecraft:walk_on_water_one_cm":55048,"minecraft:interact_with_furnace":82,"minecraft:play_one_minute":229115,"minecraft:sleep_in_bed":4,"minecraft:time_since_rest":10116,"minecraft:damage_taken":4542,"minecraft:damage_dealt":17734,"minecraft:swim_one_cm":61906,"minecraft:fly_one_cm":1022316,"minecraft:crouch_one_cm":66550,"minecraft:open_chest":135,"minecraft:fall_one_cm":128358},"minecraft:used":{"minecraft:flint_and_steel":12,"minecraft:iron_shovel":258,"minecraft:carved_pumpkin":1,"minecraft:stone_shovel":805,"minecraft:poppy":1,"minecraft:spruce_planks":8,"minecraft:chest":6,"minecraft:shield":5,"minecraft:iron_sword":274,"minecraft:wooden_shovel":11,"minecraft:cooked_salmon":9,"minecraft:cooked_chicken":1,"minecraft:torch":117,"minecraft:mutton":7,"minecraft:brewing_stand":1,"minecraft:dirt":36,"cgm:workbench":2,"minecraft:golden_shovel":62,"minecraft:snowball":48,"minecraft:granite":1,"minecraft:glass":48,"cgm:shotgun":118,"minecraft:iron_axe":44,"minecraft:dark_oak_boat":1,"minecraft:oak_sapling":9,"minecraft:furnace":10,"bloodandmadness:blood_vial":4,"minecraft:cooked_beef":13,"minecraft:pumpkin":1,"minecraft:cooked_mutton":22,"minecraft:water_bucket":21,"minecraft:iron_ore":7,"minecraft:snow_block":2,"minecraft:baked_potato":4,"minecraft:stone_pickaxe":380,"minecraft:oak_planks":11,"minecraft:wooden_pickaxe":16,"minecraft:sugar_cane":9,"minecraft:salmon":2,"minecraft:sand":2,"minecraft:crafting_table":11,"minecraft:white_bed":3,"minecraft:black_wool":1,"minecraft:apple":3,"minecraft:bread":2,"minecraft:iron_pickaxe":119,"minecraft:gravel":75,"minecraft:stone_axe":92,"minecraft:cobblestone":52,"minecraft:cooked_porkchop":8,"minecraft:andesite":5,"minecraft:bucket":22,"alexsmobs:animal_dictionary":1,"minecraft:experience_bottle":2},"minecraft:dropped":{"bloodandmadness:blood_stone_chunk":1,"minecraft:bread":2,"minecraft:iron_sword":2,"minecraft:porkchop":6,"minecraft:wheat_seeds":15,"minecraft:lapis_lazuli":30,"minecraft:golden_helmet":1,"minecraft:oak_log":28,"bloodandmadness:blood_vial":15,"minecraft:golden_pickaxe":1,"minecraft:golden_horse_armor":2,"minecraft:cobblestone":205,"minecraft:lead":2,"minecraft:iron_helmet":2,"minecraft:leather":1,"minecraft:apple":6,"minecraft:granite":2,"travelersbackpack:standard":2,"minecraft:coal":115,"minecraft:flint":5,"minecraft:stick":30,"minecraft:dirt":37,"rats:herb_bundle":1,"minecraft:dark_oak_log":1,"minecraft:brewing_stand":1,"minecraft:diorite":2,"minecraft:mutton":7,"minecraft:brown_wool":1,"minecraft:cooked_salmon":4,"minecraft:snowball":1,"minecraft:iron_leggings":3,"minecraft:gold_nugget":12,"minecraft:pumpkin":1,"minecraft:bone_meal":1,"minecraft:sand":37,"minecraft:sugar":1,"bloodandmadness:raw_quicksilver":16,"rats:raw_rat":2,"rats:contaminated_food":2,"minecraft:white_wool":19,"cgm:shell":1,"minecraft:dandelion":1,"minecraft:bone":2,"minecraft:gravel":284,"minecraft:furnace":1,"minecraft:stone_axe":1,"minecraft:sugar_cane":4,"minecraft:iron_nugget":5,"alexsmobs:animal_dictionary":2,"bloodandmadness:molotov_cocktail":1,"minecraft:rotten_flesh":27,"minecraft:oak_planks":7,"minecraft:iron_boots":2,"minecraft:golden_shovel":1,"minecraft:light_gray_concrete":5,"minecraft:cooked_mutton":5,"minecraft:white_bed":1,"minecraft:salmon":15,"minecraft:pumpkin_seeds":4,"minecraft:poppy":2,"minecraft:potato":4,"alexsmobs:cockroach_wing_fragment":1,"minecraft:peony":2,"minecraft:wooden_shovel":2,"minecraft:iron_chestplate":1,"bloodandmadness:coldblood_dew":154,"minecraft:andesite":1,"minecraft:glass":26,"minecraft:spider_eye":1,"minecraft:light_gray_dye":31,"minecraft:bow":1,"minecraft:iron_ore":27,"minecraft:wooden_pickaxe":1,"minecraft:beef":20,"bloodandmadness:blood_stone_shard":9,"minecraft:stone_pickaxe":2}},"DataVersion":2586}