{"stats":{"minecraft:picked_up":{"minecraft:iron_chestplate":1,"minecraft:crafting_table":10,"rats:herb_bundle":1,"minecraft:lead":2,"minecraft:gold_block":2,"minecraft:brewing_stand":2,"minecraft:cooked_salmon":4,"minecraft:iron_leggings":1,"cgm:shotgun":1,"rats:contaminated_food":2,"bloodandmadness:blood_vial":24,"minecraft:beef":19,"minecraft:iron_nugget":2,"minecraft:poppy":4,"minecraft:sugar_cane":10,"minecraft:furnace":10,"minecraft:stick":1,"minecraft:torch":77,"minecraft:porkchop":3,"minecraft:diorite":2,"minecraft:redstone":13,"minecraft:arrow":7,"minecraft:rotten_flesh":28,"minecraft:peony":2,"minecraft:mutton":22,"bloodandmadness:blood_stone_shard":9,"minecraft:white_wool":15,"minecraft:cobblestone":245,"minecraft:oxeye_daisy":16,"minecraft:birch_log":6,"minecraft:feather":1,"minecraft:cooked_beef":10,"minecraft:andesite":7,"minecraft:salmon":30,"minecraft:brown_wool":1,"minecraft:leather":13,"minecraft:dark_oak_boat":2,"minecraft:flint":13,"minecraft:oak_log":40,"minecraft:gunpowder":6,"rats:raw_rat":2,"minecraft:lapis_lazuli":30,"minecraft:dirt":92,"minecraft:cooked_mutton":9,"minecraft:glass":37,"minecraft:bone":8,"travelersbackpack:backpack_tank":4,"bloodandmadness:quicksilver_bullet":11,"minecraft:bow":2,"bloodandmadness:raw_quicksilver":16,"minecraft:wheat_seeds":6,"alexsmobs:cockroach_wing_fragment":1,"minecraft:iron_ingot":4,"minecraft:stone_pickaxe":1,"minecraft:iron_ore":158,"minecraft:iron_sword":2,"minecraft:pumpkin":1,"minecraft:dandelion":1,"minecraft:gravel":179,"minecraft:sand":95,"minecraft:ink_sac":2,"minecraft:white_bed":4,"minecraft:light_gray_concrete":5,"minecraft:dark_oak_log":1,"minecraft:spider_eye":1,"alexsmobs:animal_dictionary":1,"bloodandmadness:blood_stone_chunk":1,"travelersbackpack:white_sleeping_bag":1,"cgm:shell":144,"bloodandmadness:coldblood_dew":249,"minecraft:diamond":5,"minecraft:stone_axe":1,"minecraft:granite":3,"minecraft:bone_meal":1,"minecraft:oak_sapling":10,"minecraft:coal":285,"cgm:workbench":2},"minecraft:broken":{"minecraft:stone_pickaxe":2,"minecraft:stone_axe":1,"minecraft:stone_shovel":1},"minecraft:crafted":{"minecraft:oak_planks":36,"minecraft:stone_shovel":1,"minecraft:iron_nugget":27,"minecraft:cooked_chicken":1,"minecraft:furnace":1,"minecraft:flint_and_steel":1,"minecraft:glass":47,"cgm:shotgun":1,"travelersbackpack:white_sleeping_bag":3,"minecraft:iron_boots":3,"minecraft:iron_axe":1,"minecraft:stone_pickaxe":4,"minecraft:chest":4,"minecraft:cooked_beef":9,"minecraft:sugar":1,"minecraft:red_dye":1,"minecraft:cooked_porkchop":3,"minecraft:crafting_table":1,"minecraft:iron_helmet":3,"travelersbackpack:backpack_tank":2,"travelersbackpack:standard":3,"minecraft:wooden_pickaxe":1,"minecraft:baked_potato":4,"minecraft:cooked_salmon":8,"minecraft:bucket":1,"minecraft:birch_planks":24,"minecraft:stone_axe":2,"minecraft:air":0,"minecraft:gold_nugget":18,"minecraft:shield":1,"minecraft:stick":60,"minecraft:iron_ingot":79,"minecraft:iron_pickaxe":1,"minecraft:iron_leggings":3,"minecraft:gold_ingot":9,"minecraft:iron_shovel":1,"minecraft:light_gray_dye":16,"minecraft:torch":72},"minecraft:killed":{"bloodandmadness:rabid_dog":1,"alexsmobs:raccoon":1,"bloodandmadness:axe_huntsman":2,"minecraft:spider":2,"bloodandmadness:brick_troll":2,"alexsmobs:seagull":1,"minecraft:skeleton":7,"minecraft:horse":1,"bloodandmadness:female_beast_patient":3,"bloodandmadness:beast_patient":8,"bloodandmadness:wolf_beast":1,"minecraft:drowned":4,"minecraft:tropical_fish":1,"rats:plague_doctor":2,"bloodandmadness:pitchfork_huntsman":2,"minecraft:salmon":26,"bloodandmadness:saber_huntsman":2,"bloodandmadness:hunting_dog":1,"bloodandmadness:church_doctor_lantern":1,"bloodandmadness:rifle_huntsman":3,"minecraft:creeper":6,"minecraft:squid":1,"rats:rat":2,"minecraft:sheep":12,"alexsmobs:crocodile":1,"minecraft:zombie":17,"bloodandmadness:church_doctor_crucifix":1,"minecraft:cow":9},"minecraft:killed_by":{"mowziesmobs:frostmaw":1},"minecraft:mined":{"minecraft:diamond_ore":5,"minecraft:white_bed":3,"minecraft:dark_oak_log":1,"minecraft:brewing_stand":2,"minecraft:granite":3,"minecraft:grass_block":55,"minecraft:kelp":1,"minecraft:oxeye_daisy":16,"cgm:workbench":2,"minecraft:redstone_ore":3,"minecraft:furnace":8,"minecraft:iron_ore":129,"minecraft:fire":45,"minecraft:andesite":7,"minecraft:peony":1,"minecraft:gold_block":2,"minecraft:light_gray_concrete":5,"minecraft:stone":148,"dead_guys_untitled_deep_dark_:cold_sculk":1,"minecraft:kelp_plant":1,"minecraft:crafting_table":10,"minecraft:torch":38,"minecraft:poppy":2,"minecraft:cobblestone":45,"minecraft:glass":2,"minecraft:tall_grass":14,"bloodandmadness:mercury_soaked_stone":16,"minecraft:lapis_ore":5,"minecraft:sugar_cane":3,"minecraft:diorite":1,"minecraft:wall_torch":5,"minecraft:birch_log":6,"minecraft:grass":48,"minecraft:oak_log":37,"minecraft:coal_ore":116,"minecraft:sand":96,"minecraft:gravel":132,"minecraft:dirt":43,"minecraft:oak_leaves":30},"minecraft:custom":{"minecraft:mob_kills":124,"minecraft:interact_with_crafting_table":36,"minecraft:bell_ring":1,"minecraft:leave_game":2,"minecraft:time_since_death":169736,"minecraft:climb_one_cm":1430,"minecraft:sprint_one_cm":499922,"minecraft:damage_blocked_by_shield":90,"minecraft:walk_one_cm":325910,"minecraft:drop":106,"minecraft:talked_to_villager":2,"minecraft:deaths":3,"minecraft:sneak_time":18764,"minecraft:walk_under_water_one_cm":25756,"minecraft:boat_one_cm":148884,"minecraft:jump":4091,"minecraft:walk_on_water_one_cm":49840,"minecraft:interact_with_furnace":82,"minecraft:play_one_minute":187115,"minecraft:sleep_in_bed":2,"minecraft:time_since_rest":24310,"minecraft:damage_taken":3836,"minecraft:damage_dealt":15320,"minecraft:swim_one_cm":55319,"minecraft:fly_one_cm":712175,"minecraft:crouch_one_cm":55125,"minecraft:open_chest":119,"minecraft:fall_one_cm":96446},"minecraft:used":{"minecraft:flint_and_steel":11,"minecraft:iron_shovel":187,"minecraft:stone_shovel":159,"minecraft:poppy":1,"minecraft:chest":1,"minecraft:shield":5,"minecraft:iron_sword":261,"minecraft:cooked_salmon":9,"minecraft:cooked_chicken":1,"minecraft:torch":114,"minecraft:mutton":7,"minecraft:brewing_stand":1,"minecraft:dirt":19,"cgm:workbench":1,"minecraft:granite":1,"minecraft:glass":48,"cgm:shotgun":74,"minecraft:iron_axe":4,"minecraft:dark_oak_boat":1,"minecraft:oak_sapling":9,"minecraft:furnace":9,"bloodandmadness:blood_vial":4,"minecraft:cooked_beef":8,"minecraft:cooked_mutton":22,"minecraft:water_bucket":20,"minecraft:iron_ore":7,"minecraft:baked_potato":4,"minecraft:stone_pickaxe":380,"minecraft:oak_planks":11,"minecraft:wooden_pickaxe":16,"minecraft:salmon":2,"minecraft:sand":2,"minecraft:crafting_table":3,"minecraft:white_bed":3,"minecraft:apple":3,"minecraft:bread":2,"minecraft:iron_pickaxe":110,"minecraft:gravel":75,"minecraft:stone_axe":92,"minecraft:cobblestone":49,"minecraft:andesite":5,"minecraft:bucket":21,"alexsmobs:animal_dictionary":1,"minecraft:experience_bottle":2},"minecraft:dropped":{"bloodandmadness:blood_stone_chunk":1,"minecraft:bread":2,"minecraft:iron_sword":2,"minecraft:wheat_seeds":2,"minecraft:oak_log":28,"bloodandmadness:blood_vial":15,"minecraft:iron_helmet":2,"minecraft:apple":3,"minecraft:granite":2,"travelersbackpack:standard":2,"minecraft:coal":92,"minecraft:stick":18,"minecraft:dirt":12,"rats:herb_bundle":1,"minecraft:dark_oak_log":1,"minecraft:diorite":2,"minecraft:brown_wool":1,"minecraft:cooked_salmon":4,"minecraft:iron_leggings":3,"minecraft:bone_meal":1,"minecraft:sugar":1,"rats:raw_rat":2,"rats:contaminated_food":2,"cgm:shell":1,"minecraft:dandelion":1,"minecraft:bone":2,"minecraft:gravel":128,"minecraft:furnace":1,"minecraft:stone_axe":1,"minecraft:iron_nugget":3,"alexsmobs:animal_dictionary":2,"minecraft:rotten_flesh":16,"minecraft:oak_planks":7,"minecraft:iron_boots":2,"minecraft:light_gray_concrete":5,"minecraft:cooked_mutton":5,"minecraft:white_bed":1,"minecraft:salmon":15,"minecraft:poppy":2,"minecraft:potato":4,"minecraft:peony":2,"minecraft:iron_chestplate":1,"bloodandmadness:coldblood_dew":142,"minecraft:andesite":1,"minecraft:spider_eye":1,"minecraft:light_gray_dye":16,"minecraft:bow":1,"minecraft:iron_ore":27,"minecraft:wooden_pickaxe":1,"minecraft:beef":9,"bloodandmadness:blood_stone_shard":8,"minecraft:stone_pickaxe":2}},"DataVersion":2586}