{"stats":{"minecraft:picked_up":{"minecraft:iron_chestplate":5,"minecraft:crafting_table":2,"minecraft:wheat":24,"minecraft:chicken":6,"minecraft:golden_pickaxe":1,"minecraft:oak_stairs":2,"minecraft:enchanted_book":2,"minecraft:golden_shovel":2,"minecraft:brewing_stand":1,"minecraft:cornflower":1,"minecraft:cooked_salmon":10,"minecraft:flint_and_steel":3,"minecraft:iron_leggings":5,"minecraft:experience_bottle":12,"rats:contaminated_food":2,"minecraft:beetroot":4,"bloodandmadness:blood_vial":14,"minecraft:gold_nugget":15,"minecraft:iron_nugget":2,"minecraft:poppy":1,"alexsmobs:raccoon_tail":4,"minecraft:sugar_cane":12,"minecraft:iron_boots":5,"minecraft:egg":3,"minecraft:golden_helmet":1,"minecraft:stick":12,"minecraft:torch":2,"minecraft:porkchop":10,"minecraft:carrot":46,"minecraft:golden_chestplate":1,"minecraft:dark_oak_planks":11,"minecraft:arrow":33,"minecraft:rotten_flesh":15,"minecraft:beetroot_seeds":18,"minecraft:hay_block":114,"rats:cooked_rat":1,"minecraft:mutton":15,"minecraft:obsidian":2,"bloodandmadness:blood_stone_shard":9,"minecraft:cobblestone":173,"minecraft:white_wool":43,"minecraft:clock":1,"minecraft:feather":5,"minecraft:leather":1,"minecraft:dark_oak_boat":2,"minecraft:potato":44,"minecraft:birch_planks":5,"minecraft:flint":5,"minecraft:light_gray_dye":15,"minecraft:oak_log":103,"rats:rat_pelt":1,"minecraft:cobblestone_wall":1,"rats:raw_rat":1,"minecraft:lapis_lazuli":30,"minecraft:dirt":44,"minecraft:white_banner":11,"minecraft:glass":28,"minecraft:bone":8,"bloodandmadness:quicksilver_bullet":4,"bloodandmadness:raw_quicksilver":16,"minecraft:wheat_seeds":96,"minecraft:stone_pickaxe":4,"minecraft:iron_sword":5,"minecraft:oak_planks":1,"minecraft:pumpkin":1,"minecraft:gravel":110,"minecraft:sand":37,"minecraft:dark_oak_log":7,"alexsmobs:animal_dictionary":3,"travelersbackpack:standard":5,"bloodandmadness:coldblood_dew":215,"minecraft:iron_helmet":5,"minecraft:golden_horse_armor":1,"minecraft:bread":78,"alexsmobs:maggot":2,"minecraft:black_wool":1,"minecraft:dark_oak_fence":1,"minecraft:coal":62},"minecraft:crafted":{"minecraft:dark_oak_boat":3,"minecraft:dark_oak_planks":32,"minecraft:wheat":189,"minecraft:glass_bottle":3,"minecraft:crafting_table":2,"minecraft:bread":63,"minecraft:white_bed":3},"minecraft:killed":{"alexsmobs:raccoon":3,"alexsmobs:shoebill":1,"bloodandmadness:female_beast_patient":2,"minecraft:skeleton":1,"bloodandmadness:beast_patient":5,"minecraft:chicken":3,"minecraft:pig":4,"rats:rat":1,"minecraft:sheep":10,"minecraft:pillager":7,"minecraft:zombie":4,"alexsmobs:fly":1,"alexsmobs:crow":1},"minecraft:killed_by":{"bloodandmadness:brick_troll":1,"minecraft:player":1,"alexsmobs:cachalot_whale":1,"alexsmobs:tiger":1},"minecraft:mined":{"minecraft:dark_oak_planks":2,"minecraft:dark_oak_fence":1,"minecraft:grass_block":21,"minecraft:hay_block":52,"minecraft:carrots":8,"minecraft:fire":1,"minecraft:potatoes":5,"minecraft:vine":1,"minecraft:oak_stairs":1,"minecraft:stone":17,"travelersbackpack:standard":4,"minecraft:crafting_table":1,"minecraft:cornflower":1,"minecraft:torch":1,"minecraft:cobblestone":5,"minecraft:tall_grass":54,"minecraft:oak_planks":1,"minecraft:sugar_cane":1,"minecraft:seagrass":1,"minecraft:birch_planks":5,"minecraft:cobblestone_wall":2,"minecraft:wheat":27,"minecraft:birch_leaves":5,"minecraft:white_wall_banner":1,"minecraft:grass":254,"minecraft:coal_ore":39,"minecraft:oak_log":15,"minecraft:beetroots":3,"minecraft:dirt":23,"minecraft:oak_leaves":6},"minecraft:used":{"minecraft:iron_sword":154,"minecraft:cooked_salmon":7,"minecraft:mutton":9,"minecraft:dirt":24,"minecraft:cobblestone_wall":1,"minecraft:glass":1,"minecraft:dark_oak_planks":2,"minecraft:oak_stairs":1,"rats:cooked_rat":1,"minecraft:dark_oak_boat":1,"minecraft:egg":1,"minecraft:birch_planks":5,"minecraft:stone_pickaxe":63,"minecraft:oak_planks":1,"minecraft:crafting_table":2,"minecraft:white_bed":3,"rats:raw_rat":1,"minecraft:cornflower":1,"minecraft:bread":36,"minecraft:cobblestone":18,"travelersbackpack:standard":2,"minecraft:dark_oak_fence":1,"alexsmobs:animal_dictionary":22},"minecraft:custom":{"minecraft:mob_kills":44,"minecraft:animals_bred":5,"minecraft:interact_with_crafting_table":6,"minecraft:time_since_death":37602,"minecraft:climb_one_cm":1879,"minecraft:sprint_one_cm":408657,"minecraft:walk_one_cm":254951,"minecraft:drop":50,"minecraft:deaths":4,"minecraft:sneak_time":12825,"minecraft:walk_under_water_one_cm":13373,"minecraft:boat_one_cm":147657,"minecraft:jump":2691,"minecraft:walk_on_water_one_cm":23017,"minecraft:interact_with_furnace":1,"minecraft:play_one_minute":148717,"minecraft:raid_trigger":1,"minecraft:sleep_in_bed":3,"minecraft:time_since_rest":10116,"minecraft:damage_taken":2644,"minecraft:damage_dealt":6478,"minecraft:swim_one_cm":67520,"minecraft:fly_one_cm":799077,"minecraft:open_chest":26,"minecraft:crouch_one_cm":36805,"minecraft:fall_one_cm":70736},"minecraft:dropped":{"minecraft:bread":15,"minecraft:wheat_seeds":65,"minecraft:feather":4,"minecraft:cobblestone":1,"rats:contaminated_food":2,"minecraft:dark_oak_boat":2,"minecraft:bone":2,"minecraft:rotten_flesh":13,"minecraft:poppy":1,"bloodandmadness:coldblood_dew":7,"rats:rat_pelt":1,"minecraft:egg":2}},"DataVersion":2586}