{"stats":{"minecraft:picked_up":{"minecraft:crafting_table":2,"minecraft:iron_chestplate":5,"minecraft:wheat":24,"minecraft:feather":4,"minecraft:clock":1,"minecraft:chicken":6,"minecraft:golden_pickaxe":1,"minecraft:leather":1,"minecraft:dark_oak_boat":2,"minecraft:potato":44,"minecraft:oak_stairs":2,"minecraft:birch_planks":5,"minecraft:enchanted_book":2,"minecraft:golden_shovel":2,"minecraft:flint":5,"minecraft:light_gray_dye":15,"minecraft:oak_log":103,"minecraft:brewing_stand":1,"rats:rat_pelt":1,"minecraft:cobblestone_wall":1,"minecraft:cornflower":1,"rats:raw_rat":1,"minecraft:lapis_lazuli":30,"minecraft:dirt":30,"minecraft:white_banner":11,"minecraft:cooked_salmon":10,"minecraft:flint_and_steel":3,"minecraft:iron_leggings":5,"minecraft:glass":28,"rats:contaminated_food":2,"minecraft:experience_bottle":12,"minecraft:bone":8,"bloodandmadness:blood_vial":14,"bloodandmadness:quicksilver_bullet":4,"minecraft:beetroot":4,"bloodandmadness:raw_quicksilver":16,"minecraft:wheat_seeds":83,"minecraft:gold_nugget":15,"minecraft:stone_pickaxe":4,"minecraft:iron_nugget":2,"minecraft:poppy":1,"alexsmobs:raccoon_tail":3,"minecraft:sugar_cane":12,"minecraft:oak_planks":1,"minecraft:iron_sword":5,"minecraft:egg":2,"minecraft:iron_boots":5,"minecraft:stick":12,"minecraft:golden_helmet":1,"minecraft:pumpkin":1,"minecraft:torch":2,"minecraft:gravel":110,"minecraft:porkchop":10,"minecraft:sand":37,"minecraft:carrot":46,"minecraft:dark_oak_log":7,"minecraft:golden_chestplate":1,"alexsmobs:animal_dictionary":3,"minecraft:dark_oak_planks":11,"minecraft:rotten_flesh":15,"travelersbackpack:standard":5,"bloodandmadness:coldblood_dew":209,"minecraft:arrow":33,"minecraft:beetroot_seeds":18,"minecraft:iron_helmet":5,"minecraft:hay_block":114,"minecraft:golden_horse_armor":1,"rats:cooked_rat":1,"minecraft:bread":78,"alexsmobs:maggot":2,"minecraft:black_wool":1,"minecraft:obsidian":2,"minecraft:mutton":15,"minecraft:dark_oak_fence":1,"bloodandmadness:blood_stone_shard":9,"minecraft:coal":62,"minecraft:white_wool":43,"minecraft:cobblestone":173},"minecraft:crafted":{"minecraft:glass_bottle":3,"minecraft:dark_oak_boat":3,"minecraft:crafting_table":2,"minecraft:bread":63,"minecraft:white_bed":3,"minecraft:dark_oak_planks":32,"minecraft:wheat":189},"minecraft:killed":{"minecraft:pig":4,"alexsmobs:raccoon":2,"alexsmobs:shoebill":1,"rats:rat":1,"minecraft:sheep":10,"minecraft:skeleton":1,"bloodandmadness:female_beast_patient":2,"minecraft:pillager":7,"minecraft:zombie":4,"bloodandmadness:beast_patient":5,"minecraft:chicken":3,"alexsmobs:fly":1},"minecraft:killed_by":{"bloodandmadness:brick_troll":1,"minecraft:player":1,"alexsmobs:cachalot_whale":1,"alexsmobs:tiger":1},"minecraft:mined":{"minecraft:dark_oak_planks":2,"travelersbackpack:standard":4,"minecraft:cornflower":1,"minecraft:crafting_table":1,"minecraft:torch":1,"minecraft:dark_oak_fence":1,"minecraft:grass_block":18,"minecraft:tall_grass":41,"minecraft:cobblestone":5,"minecraft:sugar_cane":1,"minecraft:oak_planks":1,"minecraft:seagrass":1,"minecraft:hay_block":52,"minecraft:birch_planks":5,"minecraft:carrots":8,"minecraft:cobblestone_wall":2,"minecraft:fire":1,"minecraft:wheat":27,"minecraft:birch_leaves":5,"minecraft:white_wall_banner":1,"minecraft:potatoes":5,"minecraft:beetroots":3,"minecraft:grass":147,"minecraft:oak_log":15,"minecraft:coal_ore":39,"minecraft:vine":1,"minecraft:oak_stairs":1,"minecraft:dirt":16,"minecraft:stone":17,"minecraft:oak_leaves":6},"minecraft:used":{"minecraft:birch_planks":5,"minecraft:stone_pickaxe":63,"minecraft:oak_planks":1,"minecraft:iron_sword":150,"minecraft:cooked_salmon":7,"minecraft:dirt":7,"minecraft:mutton":9,"minecraft:crafting_table":2,"minecraft:cobblestone_wall":1,"minecraft:white_bed":3,"minecraft:glass":1,"minecraft:dark_oak_planks":2,"rats:raw_rat":1,"minecraft:cornflower":1,"minecraft:oak_stairs":1,"minecraft:bread":28,"minecraft:cobblestone":18,"minecraft:dark_oak_boat":1,"rats:cooked_rat":1,"travelersbackpack:standard":2,"minecraft:dark_oak_fence":1,"alexsmobs:animal_dictionary":17},"minecraft:custom":{"minecraft:interact_with_furnace":1,"minecraft:mob_kills":42,"minecraft:animals_bred":5,"minecraft:interact_with_crafting_table":6,"minecraft:play_one_minute":136717,"minecraft:raid_trigger":1,"minecraft:time_since_death":25602,"minecraft:sleep_in_bed":2,"minecraft:climb_one_cm":1879,"minecraft:time_since_rest":12197,"minecraft:sprint_one_cm":361909,"minecraft:damage_taken":2356,"minecraft:walk_one_cm":222976,"minecraft:drop":46,"minecraft:damage_dealt":6308,"minecraft:swim_one_cm":60233,"minecraft:fly_one_cm":713733,"minecraft:open_chest":26,"minecraft:crouch_one_cm":35209,"minecraft:deaths":4,"minecraft:sneak_time":12319,"minecraft:walk_under_water_one_cm":12146,"minecraft:boat_one_cm":147657,"minecraft:jump":2356,"minecraft:walk_on_water_one_cm":19280,"minecraft:fall_one_cm":62331},"minecraft:dropped":{"minecraft:bread":14,"minecraft:wheat_seeds":65,"minecraft:feather":4,"minecraft:rotten_flesh":13,"minecraft:cobblestone":1,"minecraft:poppy":1,"bloodandmadness:coldblood_dew":6,"rats:rat_pelt":1,"minecraft:dark_oak_boat":2,"rats:contaminated_food":2,"minecraft:bone":2}},"DataVersion":2586}