{"stats":{"minecraft:mined":{"minecraft:dark_oak_planks":2,"travelersbackpack:standard":2,"minecraft:torch":1,"minecraft:dark_oak_fence":1,"minecraft:grass_block":1,"minecraft:cobblestone":3,"minecraft:sugar_cane":1,"minecraft:birch_planks":5,"minecraft:cobblestone_wall":2,"minecraft:white_wall_banner":1,"minecraft:grass":5,"minecraft:oak_log":15,"minecraft:coal_ore":39,"minecraft:vine":1,"minecraft:stone":17,"minecraft:oak_leaves":3},"minecraft:killed_by":{"alexsmobs:cachalot_whale":1,"alexsmobs:tiger":1},"minecraft:picked_up":{"minecraft:iron_chestplate":3,"minecraft:birch_planks":5,"minecraft:oak_log":45,"rats:rat_pelt":1,"minecraft:cobblestone_wall":1,"rats:raw_rat":1,"minecraft:dirt":1,"minecraft:cooked_salmon":10,"minecraft:iron_leggings":3,"rats:contaminated_food":2,"minecraft:experience_bottle":4,"minecraft:wheat_seeds":3,"minecraft:stone_pickaxe":2,"alexsmobs:raccoon_tail":1,"minecraft:sugar_cane":4,"minecraft:iron_sword":3,"minecraft:iron_boots":3,"minecraft:torch":1,"minecraft:porkchop":4,"alexsmobs:animal_dictionary":1,"minecraft:dark_oak_planks":2,"minecraft:rotten_flesh":8,"travelersbackpack:standard":3,"bloodandmadness:coldblood_dew":46,"minecraft:arrow":4,"minecraft:iron_helmet":3,"rats:cooked_rat":1,"alexsmobs:maggot":2,"minecraft:mutton":6,"minecraft:dark_oak_fence":1,"minecraft:coal":39,"minecraft:white_wool":4,"minecraft:cobblestone":37},"minecraft:killed":{"minecraft:pig":3,"alexsmobs:raccoon":2,"alexsmobs:shoebill":1,"rats:rat":1,"minecraft:sheep":4,"minecraft:skeleton":1,"minecraft:pillager":3,"minecraft:zombie":2,"bloodandmadness:beast_patient":1,"alexsmobs:fly":1},"minecraft:used":{"minecraft:birch_planks":2,"minecraft:stone_pickaxe":61,"minecraft:iron_sword":80,"minecraft:cooked_salmon":7,"minecraft:dirt":1,"minecraft:mutton":6,"minecraft:cobblestone_wall":1,"minecraft:dark_oak_planks":2,"rats:raw_rat":1,"minecraft:bread":2,"minecraft:cobblestone":7,"rats:cooked_rat":1,"minecraft:dark_oak_fence":1,"alexsmobs:animal_dictionary":6},"minecraft:dropped":{"minecraft:wheat_seeds":2,"minecraft:rotten_flesh":6,"minecraft:cobblestone":1,"bloodandmadness:coldblood_dew":4,"rats:rat_pelt":1,"rats:contaminated_food":2},"minecraft:custom":{"minecraft:interact_with_furnace":1,"minecraft:mob_kills":19,"minecraft:interact_with_crafting_table":1,"minecraft:play_one_minute":58878,"minecraft:time_since_death":20173,"minecraft:sleep_in_bed":1,"minecraft:climb_one_cm":1879,"minecraft:time_since_rest":20207,"minecraft:sprint_one_cm":116664,"minecraft:damage_taken":1156,"minecraft:walk_one_cm":101280,"minecraft:drop":14,"minecraft:damage_dealt":3739,"minecraft:swim_one_cm":17154,"minecraft:fly_one_cm":162091,"minecraft:open_chest":20,"minecraft:crouch_one_cm":27314,"minecraft:deaths":2,"minecraft:sneak_time":9053,"minecraft:walk_under_water_one_cm":5467,"minecraft:jump":863,"minecraft:walk_on_water_one_cm":9068,"minecraft:fall_one_cm":21130}},"DataVersion":2586}