{"stats":{"minecraft:mined":{"minecraft:dark_oak_planks":2,"travelersbackpack:standard":2,"minecraft:torch":1,"minecraft:dark_oak_fence":1,"minecraft:grass_block":1,"minecraft:tall_grass":2,"minecraft:cobblestone":5,"minecraft:oak_planks":1,"minecraft:sugar_cane":1,"minecraft:hay_block":21,"minecraft:birch_planks":5,"minecraft:cobblestone_wall":2,"minecraft:white_wall_banner":1,"minecraft:grass":12,"minecraft:oak_log":15,"minecraft:coal_ore":39,"minecraft:vine":1,"minecraft:oak_stairs":1,"minecraft:stone":17,"minecraft:oak_leaves":4},"minecraft:crafted":{"minecraft:crafting_table":1,"minecraft:bread":63,"minecraft:dark_oak_planks":4,"minecraft:wheat":189},"minecraft:killed_by":{"alexsmobs:cachalot_whale":1,"alexsmobs:tiger":1},"minecraft:picked_up":{"minecraft:iron_chestplate":3,"minecraft:chicken":3,"minecraft:oak_stairs":1,"minecraft:birch_planks":5,"minecraft:oak_log":45,"rats:rat_pelt":1,"minecraft:cobblestone_wall":1,"rats:raw_rat":1,"minecraft:dirt":1,"minecraft:white_banner":4,"minecraft:cooked_salmon":10,"minecraft:iron_leggings":3,"minecraft:bone":2,"rats:contaminated_food":2,"minecraft:experience_bottle":4,"bloodandmadness:quicksilver_bullet":2,"minecraft:wheat_seeds":3,"minecraft:stone_pickaxe":2,"alexsmobs:raccoon_tail":1,"minecraft:sugar_cane":4,"minecraft:oak_planks":1,"minecraft:iron_sword":3,"minecraft:iron_boots":3,"minecraft:torch":1,"minecraft:porkchop":5,"alexsmobs:animal_dictionary":1,"minecraft:dark_oak_planks":2,"minecraft:rotten_flesh":14,"travelersbackpack:standard":3,"bloodandmadness:coldblood_dew":114,"minecraft:arrow":5,"minecraft:hay_block":21,"minecraft:iron_helmet":3,"rats:cooked_rat":1,"alexsmobs:maggot":2,"minecraft:mutton":9,"minecraft:dark_oak_fence":1,"bloodandmadness:blood_stone_shard":4,"minecraft:coal":39,"minecraft:white_wool":7,"minecraft:cobblestone":40},"minecraft:killed":{"minecraft:pig":4,"alexsmobs:raccoon":2,"alexsmobs:shoebill":1,"rats:rat":1,"minecraft:sheep":7,"bloodandmadness:female_beast_patient":2,"minecraft:skeleton":1,"minecraft:pillager":7,"minecraft:zombie":2,"bloodandmadness:beast_patient":5,"minecraft:chicken":3,"alexsmobs:fly":1},"minecraft:used":{"minecraft:birch_planks":5,"minecraft:stone_pickaxe":63,"minecraft:oak_planks":1,"minecraft:iron_sword":130,"minecraft:cooked_salmon":7,"minecraft:dirt":1,"minecraft:mutton":9,"minecraft:crafting_table":1,"minecraft:cobblestone_wall":1,"minecraft:dark_oak_planks":2,"rats:raw_rat":1,"minecraft:bread":13,"minecraft:cobblestone":14,"rats:cooked_rat":1,"minecraft:dark_oak_fence":1,"alexsmobs:animal_dictionary":6},"minecraft:dropped":{"minecraft:wheat_seeds":3,"minecraft:rotten_flesh":12,"minecraft:cobblestone":1,"bloodandmadness:coldblood_dew":4,"rats:rat_pelt":1,"rats:contaminated_food":2},"minecraft:custom":{"minecraft:interact_with_furnace":1,"minecraft:mob_kills":36,"minecraft:interact_with_crafting_table":3,"minecraft:play_one_minute":88878,"minecraft:raid_trigger":1,"minecraft:time_since_death":50173,"minecraft:sleep_in_bed":1,"minecraft:climb_one_cm":1879,"minecraft:time_since_rest":50207,"minecraft:sprint_one_cm":228280,"minecraft:damage_taken":1368,"minecraft:walk_one_cm":151140,"minecraft:drop":16,"minecraft:damage_dealt":5500,"minecraft:swim_one_cm":17817,"minecraft:fly_one_cm":493479,"minecraft:open_chest":21,"minecraft:crouch_one_cm":28141,"minecraft:deaths":2,"minecraft:sneak_time":9926,"minecraft:walk_under_water_one_cm":5821,"minecraft:jump":1465,"minecraft:walk_on_water_one_cm":10242,"minecraft:fall_one_cm":35425}},"DataVersion":2586}