{"stats":{"minecraft:picked_up":{"minecraft:iron_chestplate":3,"minecraft:wheat":7,"minecraft:chicken":3,"minecraft:potato":10,"minecraft:oak_stairs":1,"minecraft:birch_planks":5,"minecraft:oak_log":45,"rats:rat_pelt":1,"minecraft:cobblestone_wall":1,"rats:raw_rat":1,"minecraft:dirt":1,"minecraft:white_banner":4,"minecraft:cooked_salmon":10,"minecraft:iron_leggings":3,"rats:contaminated_food":2,"minecraft:experience_bottle":4,"minecraft:bone":2,"bloodandmadness:quicksilver_bullet":2,"minecraft:beetroot":2,"minecraft:wheat_seeds":63,"minecraft:stone_pickaxe":2,"alexsmobs:raccoon_tail":1,"minecraft:sugar_cane":4,"minecraft:oak_planks":1,"minecraft:iron_sword":3,"minecraft:iron_boots":3,"minecraft:torch":1,"minecraft:porkchop":5,"minecraft:carrot":21,"alexsmobs:animal_dictionary":1,"minecraft:dark_oak_planks":2,"minecraft:rotten_flesh":14,"travelersbackpack:standard":3,"bloodandmadness:coldblood_dew":114,"minecraft:arrow":5,"minecraft:beetroot_seeds":6,"minecraft:iron_helmet":3,"minecraft:hay_block":52,"rats:cooked_rat":1,"alexsmobs:maggot":2,"minecraft:mutton":9,"minecraft:dark_oak_fence":1,"bloodandmadness:blood_stone_shard":4,"minecraft:coal":39,"minecraft:white_wool":7,"minecraft:cobblestone":40},"minecraft:crafted":{"minecraft:crafting_table":1,"minecraft:bread":63,"minecraft:dark_oak_planks":4,"minecraft:wheat":189},"minecraft:killed":{"minecraft:pig":4,"alexsmobs:raccoon":2,"alexsmobs:shoebill":1,"rats:rat":1,"minecraft:sheep":7,"minecraft:skeleton":1,"bloodandmadness:female_beast_patient":2,"minecraft:pillager":7,"minecraft:zombie":2,"bloodandmadness:beast_patient":5,"minecraft:chicken":3,"alexsmobs:fly":1},"minecraft:killed_by":{"alexsmobs:cachalot_whale":1,"alexsmobs:tiger":1},"minecraft:mined":{"minecraft:dark_oak_planks":2,"travelersbackpack:standard":2,"minecraft:torch":1,"minecraft:dark_oak_fence":1,"minecraft:grass_block":1,"minecraft:tall_grass":2,"minecraft:cobblestone":5,"minecraft:sugar_cane":1,"minecraft:oak_planks":1,"minecraft:hay_block":52,"minecraft:birch_planks":5,"minecraft:carrots":8,"minecraft:cobblestone_wall":2,"minecraft:wheat":27,"minecraft:white_wall_banner":1,"minecraft:potatoes":5,"minecraft:beetroots":3,"minecraft:grass":12,"minecraft:oak_log":15,"minecraft:coal_ore":39,"minecraft:vine":1,"minecraft:oak_stairs":1,"minecraft:stone":17,"minecraft:oak_leaves":5},"minecraft:used":{"minecraft:birch_planks":5,"minecraft:stone_pickaxe":63,"minecraft:oak_planks":1,"minecraft:iron_sword":130,"minecraft:cooked_salmon":7,"minecraft:dirt":1,"minecraft:mutton":9,"minecraft:crafting_table":1,"minecraft:cobblestone_wall":1,"minecraft:dark_oak_planks":2,"rats:raw_rat":1,"minecraft:bread":15,"minecraft:cobblestone":18,"rats:cooked_rat":1,"minecraft:dark_oak_fence":1,"alexsmobs:animal_dictionary":8},"minecraft:dropped":{"minecraft:wheat_seeds":63,"minecraft:rotten_flesh":12,"minecraft:cobblestone":1,"bloodandmadness:coldblood_dew":4,"rats:rat_pelt":1,"rats:contaminated_food":2},"minecraft:custom":{"minecraft:interact_with_furnace":1,"minecraft:mob_kills":36,"minecraft:interact_with_crafting_table":3,"minecraft:play_one_minute":94717,"minecraft:raid_trigger":1,"minecraft:time_since_death":56012,"minecraft:sleep_in_bed":1,"minecraft:climb_one_cm":1879,"minecraft:time_since_rest":56046,"minecraft:sprint_one_cm":255337,"minecraft:damage_taken":1428,"minecraft:walk_one_cm":157940,"minecraft:drop":20,"minecraft:damage_dealt":5500,"minecraft:swim_one_cm":18167,"minecraft:fly_one_cm":543216,"minecraft:open_chest":21,"minecraft:crouch_one_cm":29040,"minecraft:deaths":2,"minecraft:sneak_time":10162,"minecraft:walk_under_water_one_cm":6427,"minecraft:jump":1611,"minecraft:walk_on_water_one_cm":10582,"minecraft:fall_one_cm":39642}},"DataVersion":2586}