{"stats":{"minecraft:crafted":{"minecraft:oak_planks":16,"minecraft:stick":4,"minecraft:iron_ingot":1,"minecraft:stone_pickaxe":1},"minecraft:used":{"minecraft:flint_and_steel":1,"minecraft:stone_pickaxe":12,"minecraft:oak_planks":1,"dead_guys_untitled_deep_dark_:dahlia_petal":1,"minecraft:netherrack":2,"minecraft:sand":1,"rats:raw_rat":3,"alexsmobs:lobster_tail":1,"minecraft:iron_axe":43,"minecraft:bread":4,"minecraft:gravel":2,"minecraft:golden_sword":7,"minecraft:cobblestone":1,"minecraft:beef":6,"minecraft:oak_sapling":1,"bloodandmadness:blood_vial":1,"alexsmobs:animal_dictionary":3,"minecraft:golden_pickaxe":35},"minecraft:dropped":{"minecraft:iron_nugget":1,"dead_guys_untitled_deep_dark_:dahlia_petal":1,"bloodandmadness:coldblood_dew":6,"alexsmobs:raccoon_tail":1},"minecraft:custom":{"minecraft:mob_kills":11,"minecraft:interact_with_crafting_table":5,"minecraft:play_one_minute":30083,"minecraft:time_since_death":17687,"minecraft:damage_resisted":48,"minecraft:time_since_rest":17726,"minecraft:damage_taken":903,"minecraft:sprint_one_cm":92806,"minecraft:walk_one_cm":46379,"minecraft:drop":9,"minecraft:damage_dealt":1986,"minecraft:swim_one_cm":18984,"minecraft:fly_one_cm":90530,"minecraft:open_chest":2,"minecraft:crouch_one_cm":12849,"minecraft:deaths":1,"minecraft:sneak_time":4959,"minecraft:walk_under_water_one_cm":7249,"minecraft:jump":466,"minecraft:walk_on_water_one_cm":16450,"minecraft:fall_one_cm":11608},"minecraft:killed_by":{"alexsmobs:tarantula_hawk":1},"minecraft:broken":{"minecraft:golden_pickaxe":1},"minecraft:picked_up":{"bloodandmadness:twin_blood_stone_shards":1,"minecraft:golden_pickaxe":1,"minecraft:leather":8,"minecraft:red_mushroom":1,"dead_guys_untitled_deep_dark_:dahlia_petal":2,"minecraft:oak_log":34,"rats:rat_pelt":1,"minecraft:golden_sword":1,"rats:raw_rat":5,"minecraft:iron_axe":2,"minecraft:flint_and_steel":1,"bloodandmadness:blood_vial":5,"minecraft:light_weighted_pressure_plate":1,"minecraft:beef":8,"minecraft:iron_ore":8,"alexsmobs:raccoon_tail":3,"minecraft:iron_nugget":10,"minecraft:oak_planks":1,"minecraft:gravel":2,"minecraft:sand":1,"alexsmobs:animal_dictionary":1,"bloodandmadness:coldblood_dew":38,"minecraft:rotten_flesh":2,"minecraft:golden_horse_armor":1,"minecraft:bread":4,"alexsmobs:maggot":2,"minecraft:oak_sapling":1,"minecraft:netherrack":4,"minecraft:obsidian":1,"bloodandmadness:blood_stone_shard":2,"minecraft:coal":17,"alexsmobs:lobster_tail":1,"minecraft:cobblestone":21},"minecraft:killed":{"bloodandmadness:silverbeast":1,"alexsmobs:raccoon":1,"bloodandmadness:brick_troll":1,"minecraft:creeper":1,"bloodandmadness:female_beast_patient":2,"minecraft:skeleton":1,"bloodandmadness:beast_patient":2,"minecraft:cow":3},"minecraft:mined":{"minecraft:tall_grass":1,"minecraft:oak_planks":1,"minecraft:red_mushroom":1,"minecraft:sandstone":2,"minecraft:iron_ore":9,"dead_guys_untitled_deep_dark_:deep_flower":2,"minecraft:fire":1,"minecraft:grass":3,"minecraft:oak_log":18,"minecraft:coal_ore":18,"minecraft:sand":1,"minecraft:stone":5,"minecraft:netherrack":3,"minecraft:oak_leaves":4,"dead_guys_untitled_deep_dark_:cold_sculk":2}},"DataVersion":2586}