{"stats":{"minecraft:picked_up":{"minecraft:iron_leggings":1,"minecraft:iron_chestplate":1,"bloodandmadness:coldblood_dew":2,"rats:contaminated_food":2,"minecraft:iron_helmet":1,"rats:cooked_rat":1,"rats:rat_pelt":1,"rats:raw_rat":1,"minecraft:iron_sword":1,"minecraft:iron_boots":1},"minecraft:killed":{"rats:rat":1},"minecraft:used":{"alexsmobs:animal_dictionary":1,"minecraft:iron_sword":2},"minecraft:dropped":{"rats:rat_pelt":1,"rats:contaminated_food":2},"minecraft:custom":{"minecraft:open_chest":6,"minecraft:time_since_rest":10878,"minecraft:play_one_minute":10878,"minecraft:crouch_one_cm":5855,"minecraft:sprint_one_cm":3582,"minecraft:damage_taken":10,"minecraft:walk_one_cm":18198,"minecraft:sneak_time":1711,"minecraft:walk_under_water_one_cm":1494,"minecraft:mob_kills":1,"minecraft:drop":3,"minecraft:jump":88,"minecraft:damage_dealt":70,"minecraft:time_since_death":10878,"minecraft:walk_on_water_one_cm":243,"minecraft:swim_one_cm":1109,"minecraft:fall_one_cm":1697,"minecraft:fly_one_cm":4064}},"DataVersion":2586}