{"stats":{"minecraft:mined":{"travelersbackpack:standard":1,"minecraft:coal_ore":39,"minecraft:grass_block":1,"minecraft:oak_log":15,"minecraft:stone":17,"minecraft:oak_leaves":2},"minecraft:killed_by":{"alexsmobs:cachalot_whale":1},"minecraft:picked_up":{"minecraft:iron_chestplate":2,"minecraft:oak_log":30,"rats:rat_pelt":1,"rats:raw_rat":1,"minecraft:dirt":1,"minecraft:cooked_salmon":6,"minecraft:iron_leggings":2,"travelersbackpack:standard":2,"bloodandmadness:coldblood_dew":5,"rats:contaminated_food":2,"minecraft:rotten_flesh":2,"minecraft:iron_helmet":2,"minecraft:stone_pickaxe":1,"rats:cooked_rat":1,"alexsmobs:maggot":2,"minecraft:iron_sword":2,"minecraft:coal":39,"minecraft:cobblestone":17,"minecraft:iron_boots":2},"minecraft:killed":{"minecraft:zombie":1,"alexsmobs:fly":1,"rats:rat":1},"minecraft:used":{"rats:raw_rat":1,"minecraft:bread":2,"minecraft:stone_pickaxe":56,"minecraft:iron_sword":7,"minecraft:cooked_salmon":1,"minecraft:dirt":1,"rats:cooked_rat":1,"alexsmobs:animal_dictionary":1},"minecraft:dropped":{"bloodandmadness:coldblood_dew":3,"rats:rat_pelt":1,"minecraft:rotten_flesh":2,"rats:contaminated_food":2},"minecraft:custom":{"minecraft:time_since_rest":12283,"minecraft:sprint_one_cm":42844,"minecraft:damage_taken":442,"minecraft:walk_one_cm":46647,"minecraft:mob_kills":3,"minecraft:drop":7,"minecraft:damage_dealt":290,"minecraft:swim_one_cm":9695,"minecraft:fly_one_cm":72411,"minecraft:open_chest":14,"minecraft:crouch_one_cm":19501,"minecraft:play_one_minute":34878,"minecraft:deaths":1,"minecraft:sneak_time":6318,"minecraft:walk_under_water_one_cm":5225,"minecraft:jump":442,"minecraft:walk_on_water_one_cm":4093,"minecraft:time_since_death":12239,"minecraft:fall_one_cm":11932}},"DataVersion":2586}