{"stats":{"minecraft:used":{"minecraft:oak_fence":3,"bloodandmadness:molotov_cocktail":3,"minecraft:flint_and_steel":3,"minecraft:carved_pumpkin":2,"minecraft:stone_shovel":132,"minecraft:chest":1,"minecraft:iron_sword":398,"minecraft:cooked_salmon":7,"minecraft:stone_hoe":122,"minecraft:bee_spawn_egg":1,"minecraft:torch":13,"minecraft:mutton":9,"minecraft:dirt":364,"minecraft:cobblestone_wall":1,"minecraft:carrot":85,"minecraft:glass":1,"minecraft:dark_oak_planks":2,"minecraft:red_tulip":1,"minecraft:oak_stairs":1,"rats:cooked_rat":1,"minecraft:bow":19,"minecraft:dark_oak_boat":1,"minecraft:sweet_berries":8,"minecraft:beetroot_seeds":15,"bloodandmadness:blood_vial":6,"minecraft:egg":32,"minecraft:potato":2,"minecraft:enchanted_golden_apple":1,"minecraft:wheat_seeds":6,"minecraft:water_bucket":3,"minecraft:birch_planks":5,"minecraft:stone_pickaxe":72,"minecraft:oak_planks":4,"minecraft:blue_bed":1,"minecraft:crafting_table":2,"minecraft:white_bed":3,"rats:raw_rat":1,"minecraft:cornflower":1,"minecraft:dark_oak_log":1,"minecraft:bread":117,"minecraft:iron_pickaxe":28,"alexsmobs:crocodile_egg":5,"minecraft:gravel":44,"minecraft:fishing_rod":20,"minecraft:cobblestone":51,"travelersbackpack:standard":7,"minecraft:white_banner":1,"minecraft:dark_oak_fence":1,"minecraft:andesite":2,"minecraft:bucket":3,"alexsmobs:animal_dictionary":47,"minecraft:dandelion":1,"minecraft:bone_meal":3},"minecraft:killed_by":{"bloodandmadness:brick_troll":1,"minecraft:player":1,"minecraft:creeper":2,"alexsmobs:cachalot_whale":1,"alexsmobs:tiger":1,"bloodandmadness:beast_patient":1,"bloodandmadness:father_gascoigne":1,"alexsmobs:crocodile":4,"bloodandmadness:large_huntsman_spear":2,"minecraft:zombie":1,"bloodandmadness:father_gascoigne_beast":1},"minecraft:killed":{"bloodandmadness:church_doctor":3,"bloodandmadness:rabid_dog":1,"alexsmobs:raccoon":6,"minecraft:spider":2,"alexsmobs:shoebill":1,"minecraft:skeleton":4,"bloodandmadness:female_beast_patient":5,"bloodandmadness:beast_patient":8,"minecraft:chicken":4,"minecraft:drowned":1,"minecraft:pig":4,"bloodandmadness:pitchfork_huntsman":3,"minecraft:salmon":6,"bloodandmadness:saber_huntsman":1,"minecraft:bat":1,"bloodandmadness:hunting_dog":1,"minecraft:wandering_trader":1,"bloodandmadness:rifle_huntsman":3,"rats:rat":1,"minecraft:sheep":10,"minecraft:trader_llama":2,"minecraft:pillager":12,"minecraft:zombie":14,"alexsmobs:fly":2,"alexsmobs:crow":2},"minecraft:crafted":{"minecraft:oak_planks":16,"minecraft:stone_shovel":1,"minecraft:fishing_rod":1,"minecraft:dark_oak_boat":3,"minecraft:chest":1,"minecraft:dark_oak_planks":32,"minecraft:wheat":387,"minecraft:glass_bottle":3,"minecraft:crafting_table":2,"minecraft:iron_sword":1,"minecraft:blue_bed":1,"minecraft:bread":132,"minecraft:blue_dye":1,"minecraft:stick":4,"minecraft:white_bed":3,"minecraft:torch":12},"minecraft:picked_up":{"minecraft:iron_chestplate":15,"minecraft:crafting_table":8,"minecraft:wheat":27,"minecraft:brown_mushroom":1,"minecraft:chicken":7,"minecraft:golden_pickaxe":1,"minecraft:lead":47,"minecraft:bee_spawn_egg":1,"minecraft:oak_stairs":2,"minecraft:enchanted_book":2,"minecraft:golden_shovel":5,"minecraft:brewing_stand":1,"minecraft:cornflower":2,"minecraft:string":16,"minecraft:iron_axe":2,"minecraft:cooked_salmon":10,"minecraft:flint_and_steel":19,"minecraft:white_carpet":7,"minecraft:iron_leggings":5,"rats:contaminated_food":2,"minecraft:experience_bottle":20,"minecraft:beetroot":11,"bloodandmadness:blood_vial":132,"minecraft:gold_nugget":15,"minecraft:iron_nugget":2,"minecraft:poppy":1,"minecraft:iron_pickaxe":6,"alexsmobs:raccoon_tail":8,"minecraft:enchanted_golden_apple":1,"minecraft:sugar_cane":12,"minecraft:birch_sapling":1,"minecraft:iron_boots":11,"minecraft:egg":98,"minecraft:golden_helmet":1,"minecraft:stick":24,"minecraft:oak_fence":3,"minecraft:torch":25,"minecraft:porkchop":10,"minecraft:golden_axe":2,"minecraft:carrot":193,"minecraft:golden_chestplate":1,"minecraft:dark_oak_planks":32,"minecraft:arrow":133,"minecraft:rotten_flesh":59,"minecraft:beetroot_seeds":40,"bloodandmadness:molotov_cocktail":7,"minecraft:hay_block":336,"minecraft:red_tulip":1,"minecraft:carved_pumpkin":2,"rats:cooked_rat":1,"alexsmobs:emu_egg":8,"minecraft:gold_ingot":9,"minecraft:obsidian":2,"minecraft:mutton":19,"alexsmobs:frontier_cap":5,"bloodandmadness:blood_stone_shard":20,"minecraft:cod":8,"minecraft:white_wool":52,"minecraft:cobblestone":268,"minecraft:clock":1,"minecraft:feather":17,"minecraft:andesite":4,"minecraft:water_bucket":2,"minecraft:salmon":31,"minecraft:leather":7,"minecraft:dark_oak_boat":4,"minecraft:potato":46,"minecraft:birch_planks":5,"minecraft:flint":5,"minecraft:light_gray_dye":15,"minecraft:oak_log":103,"rats:rat_pelt":2,"minecraft:cobblestone_wall":1,"rats:raw_rat":4,"minecraft:lapis_lazuli":30,"minecraft:dirt":1194,"minecraft:white_banner":12,"minecraft:glass":28,"minecraft:bone":23,"bloodandmadness:quicksilver_bullet":86,"minecraft:bow":5,"bloodandmadness:raw_quicksilver":16,"minecraft:wheat_seeds":146,"minecraft:iron_ingot":2,"minecraft:stone_pickaxe":12,"minecraft:iron_ore":25,"minecraft:glass_bottle":14,"alexsmobs:blobfish":3,"minecraft:iron_sword":16,"minecraft:stone_hoe":6,"minecraft:oak_planks":33,"minecraft:green_dye":1,"minecraft:pumpkin":1,"minecraft:sweet_berries":36,"minecraft:dandelion":1,"minecraft:gravel":114,"alexsmobs:crocodile_egg":5,"minecraft:sand":37,"minecraft:ink_sac":4,"minecraft:white_bed":1,"minecraft:dark_oak_log":8,"alexsmobs:animal_dictionary":10,"travelersbackpack:standard":15,"minecraft:sugar":2,"bloodandmadness:coldblood_dew":825,"minecraft:iron_helmet":5,"minecraft:granite":2,"minecraft:bone_meal":6,"minecraft:golden_horse_armor":3,"minecraft:bread":221,"alexsmobs:maggot":2,"minecraft:black_wool":1,"minecraft:dark_oak_fence":1,"minecraft:coal":318},"minecraft:broken":{"minecraft:iron_chestplate":1,"minecraft:stone_pickaxe":1,"minecraft:iron_sword":1,"minecraft:stone_shovel":1},"minecraft:mined":{"minecraft:dark_oak_planks":2,"minecraft:white_bed":1,"minecraft:farmland":1,"minecraft:dark_oak_leaves":1,"minecraft:carved_pumpkin":1,"minecraft:dark_oak_fence":1,"minecraft:grass_block":212,"minecraft:large_fern":1,"minecraft:hay_block":67,"minecraft:carrots":43,"minecraft:iron_ore":10,"minecraft:fire":15,"alexsmobs:crocodile_egg":4,"minecraft:potatoes":7,"minecraft:red_tulip":1,"minecraft:vine":1,"minecraft:oak_stairs":1,"minecraft:stone":30,"travelersbackpack:standard":11,"minecraft:crafting_table":2,"minecraft:cornflower":2,"minecraft:torch":6,"minecraft:tall_grass":75,"minecraft:cobblestone":7,"minecraft:sugar_cane":1,"minecraft:oak_planks":1,"minecraft:wall_torch":2,"minecraft:seagrass":1,"minecraft:birch_planks":6,"minecraft:cobblestone_wall":2,"minecraft:wheat":29,"minecraft:sweet_berry_bush":9,"minecraft:white_carpet":1,"minecraft:birch_leaves":5,"minecraft:white_wall_banner":1,"minecraft:grass":347,"minecraft:oak_log":15,"minecraft:coal_ore":50,"minecraft:beetroots":11,"minecraft:sand":1,"minecraft:gravel":4,"minecraft:dirt":74,"minecraft:oak_leaves":8},"minecraft:dropped":{"minecraft:water_bucket":1,"minecraft:bread":20,"minecraft:iron_sword":1,"minecraft:brown_mushroom":1,"minecraft:wheat_seeds":65,"bloodandmadness:blood_vial":5,"bloodandmadness:quicksilver_bullet":1,"minecraft:cobblestone":1,"minecraft:feather":4,"travelersbackpack:standard":1,"minecraft:green_dye":1,"minecraft:mutton":2,"minecraft:iron_axe":2,"minecraft:fishing_rod":1,"minecraft:dark_oak_boat":2,"rats:contaminated_food":2,"minecraft:bone":2,"minecraft:white_carpet":3,"alexsmobs:blobfish":3,"minecraft:rotten_flesh":27,"minecraft:honey_bottle":3,"minecraft:carrot":3,"minecraft:salmon":17,"minecraft:poppy":1,"bloodandmadness:coldblood_dew":8,"rats:rat_pelt":1,"minecraft:beef":1,"minecraft:egg":28},"minecraft:custom":{"minecraft:interact_with_smithing_table":1,"minecraft:mob_kills":104,"minecraft:animals_bred":14,"minecraft:interact_with_crafting_table":13,"minecraft:leave_game":3,"minecraft:time_since_death":12683,"minecraft:damage_resisted":76,"minecraft:climb_one_cm":3265,"minecraft:sprint_one_cm":1253433,"minecraft:walk_one_cm":1031664,"minecraft:drop":136,"minecraft:talked_to_villager":3,"minecraft:deaths":16,"minecraft:sneak_time":30641,"minecraft:walk_under_water_one_cm":27134,"minecraft:boat_one_cm":147657,"minecraft:interact_with_brewingstand":1,"minecraft:jump":7762,"minecraft:walk_on_water_one_cm":61972,"minecraft:interact_with_furnace":1,"minecraft:play_one_minute":413580,"minecraft:raid_trigger":1,"minecraft:sleep_in_bed":14,"minecraft:time_since_rest":12730,"minecraft:damage_taken":9128,"minecraft:damage_absorbed":160,"minecraft:damage_dealt":17240,"minecraft:swim_one_cm":107888,"minecraft:fly_one_cm":1938635,"minecraft:open_chest":83,"minecraft:crouch_one_cm":94656,"minecraft:fish_caught":11,"minecraft:fall_one_cm":174977}},"DataVersion":2586}