{"stats":{"minecraft:picked_up":{"minecraft:iron_chestplate":5,"minecraft:crafting_table":2,"minecraft:wheat":24,"minecraft:chicken":6,"minecraft:golden_pickaxe":1,"minecraft:lead":1,"minecraft:bee_spawn_egg":1,"minecraft:oak_stairs":2,"minecraft:enchanted_book":2,"minecraft:golden_shovel":2,"minecraft:brewing_stand":1,"minecraft:cornflower":1,"minecraft:string":1,"minecraft:iron_axe":2,"minecraft:cooked_salmon":10,"minecraft:flint_and_steel":3,"minecraft:iron_leggings":5,"minecraft:experience_bottle":12,"rats:contaminated_food":2,"minecraft:beetroot":4,"bloodandmadness:blood_vial":26,"minecraft:gold_nugget":15,"minecraft:iron_nugget":2,"minecraft:poppy":1,"alexsmobs:raccoon_tail":4,"minecraft:sugar_cane":12,"minecraft:iron_boots":5,"minecraft:egg":5,"minecraft:golden_helmet":1,"minecraft:stick":12,"minecraft:torch":2,"minecraft:porkchop":10,"minecraft:carrot":46,"minecraft:golden_chestplate":1,"minecraft:dark_oak_planks":11,"minecraft:arrow":33,"minecraft:rotten_flesh":17,"minecraft:beetroot_seeds":18,"minecraft:hay_block":114,"minecraft:red_tulip":1,"rats:cooked_rat":1,"minecraft:mutton":17,"minecraft:obsidian":2,"minecraft:cod":8,"bloodandmadness:blood_stone_shard":9,"minecraft:cobblestone":175,"minecraft:white_wool":43,"minecraft:clock":1,"minecraft:feather":5,"minecraft:salmon":8,"minecraft:leather":1,"minecraft:dark_oak_boat":2,"minecraft:potato":44,"minecraft:birch_planks":5,"minecraft:flint":5,"minecraft:light_gray_dye":15,"minecraft:oak_log":103,"rats:rat_pelt":1,"minecraft:cobblestone_wall":1,"rats:raw_rat":1,"minecraft:lapis_lazuli":30,"minecraft:dirt":134,"minecraft:white_banner":11,"minecraft:glass":28,"minecraft:bone":8,"bloodandmadness:quicksilver_bullet":4,"bloodandmadness:raw_quicksilver":16,"minecraft:wheat_seeds":101,"minecraft:stone_pickaxe":4,"minecraft:glass_bottle":1,"minecraft:iron_sword":5,"minecraft:oak_planks":1,"minecraft:pumpkin":1,"minecraft:gravel":114,"minecraft:sand":37,"minecraft:dark_oak_log":7,"alexsmobs:animal_dictionary":3,"travelersbackpack:standard":5,"bloodandmadness:coldblood_dew":236,"minecraft:iron_helmet":5,"minecraft:golden_horse_armor":1,"minecraft:bread":81,"alexsmobs:maggot":2,"minecraft:black_wool":1,"minecraft:dark_oak_fence":1,"minecraft:coal":62},"minecraft:crafted":{"minecraft:fishing_rod":1,"minecraft:dark_oak_boat":3,"minecraft:dark_oak_planks":32,"minecraft:wheat":324,"minecraft:glass_bottle":3,"minecraft:crafting_table":2,"minecraft:bread":111,"minecraft:white_bed":3},"minecraft:killed":{"alexsmobs:raccoon":5,"minecraft:spider":1,"alexsmobs:shoebill":1,"bloodandmadness:female_beast_patient":2,"minecraft:skeleton":1,"bloodandmadness:beast_patient":5,"minecraft:chicken":3,"minecraft:pig":4,"bloodandmadness:pitchfork_huntsman":1,"minecraft:salmon":6,"bloodandmadness:rifle_huntsman":1,"rats:rat":1,"minecraft:sheep":10,"minecraft:pillager":9,"minecraft:zombie":5,"alexsmobs:fly":1,"alexsmobs:crow":1},"minecraft:killed_by":{"bloodandmadness:brick_troll":1,"minecraft:player":1,"alexsmobs:cachalot_whale":1,"alexsmobs:tiger":1},"minecraft:mined":{"minecraft:dark_oak_planks":2,"minecraft:dark_oak_leaves":1,"minecraft:dark_oak_fence":1,"minecraft:grass_block":32,"minecraft:hay_block":52,"minecraft:carrots":8,"minecraft:fire":1,"minecraft:red_tulip":1,"minecraft:potatoes":5,"minecraft:vine":1,"minecraft:oak_stairs":1,"minecraft:stone":17,"travelersbackpack:standard":4,"minecraft:crafting_table":1,"minecraft:cornflower":1,"minecraft:torch":1,"minecraft:cobblestone":7,"minecraft:tall_grass":55,"minecraft:oak_planks":1,"minecraft:sugar_cane":1,"minecraft:seagrass":1,"minecraft:birch_planks":5,"minecraft:cobblestone_wall":2,"minecraft:wheat":27,"minecraft:birch_leaves":5,"minecraft:white_wall_banner":1,"minecraft:grass":269,"minecraft:coal_ore":39,"minecraft:oak_log":15,"minecraft:beetroots":3,"minecraft:gravel":4,"minecraft:dirt":34,"minecraft:oak_leaves":6},"minecraft:used":{"minecraft:iron_sword":192,"minecraft:cooked_salmon":7,"minecraft:bee_spawn_egg":1,"minecraft:mutton":9,"minecraft:dirt":44,"minecraft:cobblestone_wall":1,"minecraft:glass":1,"minecraft:dark_oak_planks":2,"minecraft:red_tulip":1,"minecraft:oak_stairs":1,"rats:cooked_rat":1,"minecraft:dark_oak_boat":1,"bloodandmadness:blood_vial":1,"minecraft:egg":1,"minecraft:birch_planks":5,"minecraft:stone_pickaxe":65,"minecraft:oak_planks":1,"minecraft:crafting_table":2,"minecraft:white_bed":3,"rats:raw_rat":1,"minecraft:cornflower":1,"minecraft:bread":52,"minecraft:gravel":44,"minecraft:fishing_rod":20,"minecraft:cobblestone":51,"travelersbackpack:standard":2,"minecraft:dark_oak_fence":1,"alexsmobs:animal_dictionary":30},"minecraft:custom":{"minecraft:mob_kills":59,"minecraft:animals_bred":8,"minecraft:interact_with_crafting_table":9,"minecraft:time_since_death":85602,"minecraft:climb_one_cm":1879,"minecraft:sprint_one_cm":562027,"minecraft:walk_one_cm":410951,"minecraft:drop":79,"minecraft:deaths":4,"minecraft:sneak_time":13706,"minecraft:walk_under_water_one_cm":15463,"minecraft:boat_one_cm":147657,"minecraft:jump":3504,"minecraft:walk_on_water_one_cm":34835,"minecraft:interact_with_furnace":1,"minecraft:play_one_minute":196717,"minecraft:raid_trigger":1,"minecraft:sleep_in_bed":6,"minecraft:time_since_rest":0,"minecraft:damage_taken":3230,"minecraft:damage_dealt":7835,"minecraft:swim_one_cm":78887,"minecraft:fly_one_cm":1019656,"minecraft:open_chest":37,"minecraft:crouch_one_cm":38898,"minecraft:fish_caught":11,"minecraft:fall_one_cm":89631},"minecraft:dropped":{"minecraft:bread":19,"minecraft:wheat_seeds":65,"bloodandmadness:blood_vial":5,"minecraft:feather":4,"minecraft:cobblestone":1,"minecraft:mutton":2,"minecraft:iron_axe":2,"minecraft:fishing_rod":1,"rats:contaminated_food":2,"minecraft:dark_oak_boat":2,"minecraft:bone":2,"minecraft:rotten_flesh":15,"minecraft:honey_bottle":1,"minecraft:salmon":8,"minecraft:poppy":1,"bloodandmadness:coldblood_dew":8,"rats:rat_pelt":1,"minecraft:beef":1,"minecraft:egg":4}},"DataVersion":2586}