{"stats":{"minecraft:picked_up":{"minecraft:crafting_table":1,"minecraft:iron_chestplate":4,"minecraft:wheat":14,"minecraft:feather":4,"minecraft:clock":1,"minecraft:chicken":6,"minecraft:dark_oak_boat":1,"minecraft:potato":27,"minecraft:oak_stairs":2,"minecraft:birch_planks":5,"minecraft:enchanted_book":1,"minecraft:golden_shovel":1,"minecraft:oak_log":74,"rats:rat_pelt":1,"minecraft:cobblestone_wall":1,"rats:raw_rat":1,"minecraft:dirt":1,"minecraft:white_banner":8,"minecraft:cooked_salmon":10,"minecraft:flint_and_steel":2,"minecraft:iron_leggings":4,"rats:contaminated_food":2,"minecraft:experience_bottle":8,"minecraft:bone":4,"bloodandmadness:blood_vial":7,"bloodandmadness:quicksilver_bullet":4,"minecraft:beetroot":4,"minecraft:wheat_seeds":63,"minecraft:stone_pickaxe":3,"alexsmobs:raccoon_tail":2,"minecraft:sugar_cane":8,"minecraft:oak_planks":1,"minecraft:iron_sword":4,"minecraft:iron_boots":4,"minecraft:torch":2,"minecraft:porkchop":10,"minecraft:carrot":46,"minecraft:dark_oak_log":7,"minecraft:golden_chestplate":1,"alexsmobs:animal_dictionary":2,"minecraft:dark_oak_planks":2,"minecraft:rotten_flesh":14,"travelersbackpack:standard":4,"bloodandmadness:coldblood_dew":195,"minecraft:arrow":19,"minecraft:beetroot_seeds":12,"minecraft:iron_helmet":4,"minecraft:hay_block":83,"rats:cooked_rat":1,"minecraft:bread":47,"alexsmobs:maggot":2,"minecraft:obsidian":2,"minecraft:mutton":9,"minecraft:dark_oak_fence":1,"bloodandmadness:blood_stone_shard":8,"minecraft:coal":39,"minecraft:white_wool":14,"minecraft:cobblestone":44},"minecraft:crafted":{"minecraft:dark_oak_boat":3,"minecraft:crafting_table":2,"minecraft:bread":63,"minecraft:dark_oak_planks":32,"minecraft:wheat":189},"minecraft:killed":{"minecraft:pig":4,"alexsmobs:raccoon":2,"alexsmobs:shoebill":1,"rats:rat":1,"minecraft:sheep":7,"minecraft:skeleton":1,"bloodandmadness:female_beast_patient":2,"minecraft:pillager":7,"minecraft:zombie":2,"bloodandmadness:beast_patient":5,"minecraft:chicken":3,"alexsmobs:fly":1},"minecraft:killed_by":{"bloodandmadness:brick_troll":1,"alexsmobs:cachalot_whale":1,"alexsmobs:tiger":1},"minecraft:mined":{"minecraft:dark_oak_planks":2,"travelersbackpack:standard":3,"minecraft:crafting_table":1,"minecraft:torch":1,"minecraft:dark_oak_fence":1,"minecraft:grass_block":1,"minecraft:tall_grass":2,"minecraft:cobblestone":5,"minecraft:sugar_cane":1,"minecraft:oak_planks":1,"minecraft:seagrass":1,"minecraft:hay_block":52,"minecraft:birch_planks":5,"minecraft:carrots":8,"minecraft:cobblestone_wall":2,"minecraft:wheat":27,"minecraft:white_wall_banner":1,"minecraft:potatoes":5,"minecraft:beetroots":3,"minecraft:grass":12,"minecraft:oak_log":15,"minecraft:coal_ore":39,"minecraft:vine":1,"minecraft:oak_stairs":1,"minecraft:stone":17,"minecraft:oak_leaves":5},"minecraft:used":{"minecraft:birch_planks":5,"minecraft:stone_pickaxe":63,"minecraft:oak_planks":1,"minecraft:iron_sword":134,"minecraft:cooked_salmon":7,"minecraft:dirt":1,"minecraft:mutton":9,"minecraft:crafting_table":2,"minecraft:cobblestone_wall":1,"minecraft:dark_oak_planks":2,"rats:raw_rat":1,"minecraft:oak_stairs":1,"minecraft:bread":19,"minecraft:cobblestone":18,"minecraft:dark_oak_boat":1,"rats:cooked_rat":1,"travelersbackpack:standard":1,"minecraft:dark_oak_fence":1,"alexsmobs:animal_dictionary":11},"minecraft:dropped":{"minecraft:wheat_seeds":63,"minecraft:feather":4,"minecraft:rotten_flesh":12,"minecraft:cobblestone":1,"bloodandmadness:coldblood_dew":4,"rats:rat_pelt":1,"minecraft:dark_oak_boat":2,"rats:contaminated_food":2},"minecraft:custom":{"minecraft:interact_with_furnace":1,"minecraft:mob_kills":36,"minecraft:interact_with_crafting_table":4,"minecraft:play_one_minute":106717,"minecraft:raid_trigger":1,"minecraft:time_since_death":9077,"minecraft:sleep_in_bed":1,"minecraft:climb_one_cm":1879,"minecraft:time_since_rest":9122,"minecraft:sprint_one_cm":281052,"minecraft:damage_taken":1814,"minecraft:walk_one_cm":167300,"minecraft:drop":25,"minecraft:damage_dealt":5753,"minecraft:swim_one_cm":51920,"minecraft:fly_one_cm":581189,"minecraft:open_chest":22,"minecraft:crouch_one_cm":29040,"minecraft:deaths":3,"minecraft:sneak_time":10342,"minecraft:walk_under_water_one_cm":11195,"minecraft:boat_one_cm":147657,"minecraft:jump":1764,"minecraft:walk_on_water_one_cm":13570,"minecraft:fall_one_cm":44233}},"DataVersion":2586}