{"stats":{"minecraft:broken":{"minecraft:iron_chestplate":1,"minecraft:stone_pickaxe":1,"minecraft:iron_sword":2,"minecraft:stone_shovel":1,"minecraft:iron_pickaxe":6},"minecraft:crafted":{"minecraft:oak_planks":16,"minecraft:dark_oak_boat":3,"minecraft:bookshelf":5,"tombstone:grave_key":3,"minecraft:chest":2,"minecraft:glass_bottle":3,"minecraft:crafting_table":2,"minecraft:iron_helmet":1,"minecraft:diamond_pickaxe":1,"minecraft:paper":6,"minecraft:shield":1,"minecraft:stick":36,"minecraft:iron_ingot":187,"minecraft:iron_pickaxe":6,"minecraft:iron_block":3,"minecraft:gold_ingot":10,"minecraft:stone_shovel":1,"minecraft:fishing_rod":1,"minecraft:iron_nugget":90,"minecraft:furnace":1,"minecraft:dark_oak_planks":32,"minecraft:wheat":387,"minecraft:enchanting_table":1,"minecraft:iron_sword":1,"minecraft:blue_bed":1,"minecraft:bread":134,"minecraft:air":0,"minecraft:blue_dye":3,"minecraft:gold_nugget":45,"minecraft:anvil":1,"minecraft:white_bed":3,"minecraft:torch":84},"minecraft:dropped":{"minecraft:iron_sword":1,"minecraft:brown_mushroom":1,"bloodandmadness:blood_vial":5,"bloodandmadness:quicksilver_bullet":1,"travelersbackpack:standard":3,"minecraft:mutton":2,"minecraft:dark_oak_boat":2,"minecraft:fishing_rod":1,"alexsmobs:raccoon_tail":1,"rats:contaminated_food":2,"minecraft:bone":2,"minecraft:rotten_flesh":47,"minecraft:honey_bottle":3,"minecraft:salmon":17,"minecraft:carrot":3,"minecraft:poppy":1,"bloodandmadness:coldblood_dew":104,"rats:rat_pelt":1,"minecraft:beef":1,"minecraft:netherrack":10,"minecraft:egg":28,"minecraft:water_bucket":1,"minecraft:bread":20,"minecraft:wheat_seeds":67,"dead_guys_untitled_deep_dark_:cold_deep_stone":3,"minecraft:feather":4,"minecraft:cobblestone":1,"minecraft:granite":94,"minecraft:diorite":21,"minecraft:green_dye":1,"tombstone:grave_dust":3,"minecraft:iron_axe":2,"bloodandmadness:raw_quicksilver":2,"dead_guys_untitled_deep_dark_:dahlia_petal":1,"alexsmobs:blobfish":3,"minecraft:white_carpet":3,"minecraft:andesite":5,"minecraft:spider_eye":1,"bloodandmadness:blood_stone_shard":2,"dead_guys_untitled_deep_dark_:cold_sculk_prairie":1},"minecraft:used":{"minecraft:chest":2,"minecraft:shield":29,"minecraft:iron_sword":663,"minecraft:mutton":9,"minecraft:carrot":202,"minecraft:obsidian":10,"minecraft:glass":1,"minecraft:lava_bucket":6,"dead_guys_untitled_deep_dark_:cold_sculk_prairie":1,"minecraft:bow":20,"rats:cooked_rat":1,"minecraft:dark_oak_boat":1,"minecraft:sweet_berries":8,"minecraft:furnace":1,"minecraft:beetroot_seeds":15,"bloodandmadness:blood_vial":6,"minecraft:egg":32,"minecraft:potato":2,"cgm:heavy_rifle":48,"minecraft:diorite":6,"minecraft:stone_pickaxe":72,"minecraft:oak_planks":12,"minecraft:blackstone":24,"minecraft:blue_bed":1,"rats:raw_rat":1,"minecraft:dark_oak_log":1,"minecraft:bread":117,"minecraft:gravel":44,"minecraft:dark_oak_fence":1,"minecraft:andesite":6,"minecraft:bone_meal":3,"minecraft:oak_fence":3,"bloodandmadness:molotov_cocktail":3,"minecraft:enchanting_table":1,"minecraft:flint_and_steel":4,"minecraft:carved_pumpkin":2,"minecraft:stone_shovel":132,"minecraft:cooked_salmon":7,"minecraft:stone_hoe":122,"minecraft:bee_spawn_egg":1,"minecraft:torch":164,"minecraft:dirt":426,"minecraft:anvil":1,"minecraft:cobblestone_wall":1,"minecraft:dark_oak_planks":2,"minecraft:bookshelf":5,"minecraft:red_tulip":1,"minecraft:oak_stairs":1,"dead_guys_untitled_deep_dark_:cold_deep_stone":2,"minecraft:basalt":25,"tombstone:gift":5,"minecraft:enchanted_golden_apple":1,"minecraft:wheat_seeds":6,"minecraft:water_bucket":38,"minecraft:iron_ore":1,"minecraft:birch_planks":5,"minecraft:salmon":6,"minecraft:crafting_table":3,"minecraft:white_bed":3,"minecraft:diamond_pickaxe":121,"minecraft:cornflower":1,"minecraft:iron_pickaxe":1644,"alexsmobs:crocodile_egg":5,"minecraft:fishing_rod":20,"minecraft:cobblestone":641,"travelersbackpack:standard":7,"minecraft:white_banner":1,"minecraft:bucket":48,"alexsmobs:animal_dictionary":54,"minecraft:dandelion":2},"minecraft:custom":{"minecraft:animals_bred":14,"minecraft:interact_with_crafting_table":26,"minecraft:leave_game":6,"minecraft:time_since_death":111544,"minecraft:damage_resisted":76,"minecraft:sprint_one_cm":1694971,"minecraft:damage_blocked_by_shield":1105,"minecraft:drop":182,"minecraft:talked_to_villager":3,"minecraft:deaths":23,"minecraft:jump":10115,"minecraft:interact_with_brewingstand":1,"minecraft:walk_on_water_one_cm":80670,"minecraft:enchant_item":1,"minecraft:interact_with_furnace":57,"minecraft:play_one_minute":647157,"minecraft:sleep_in_bed":15,"tombstone:sneak_grave":2,"minecraft:damage_dealt":28129,"minecraft:crouch_one_cm":219876,"tombstone:undead_killed":19,"minecraft:interact_with_smithing_table":1,"minecraft:mob_kills":160,"minecraft:interact_with_anvil":2,"minecraft:climb_one_cm":3265,"minecraft:walk_one_cm":1499730,"minecraft:sneak_time":72423,"minecraft:walk_under_water_one_cm":30845,"minecraft:boat_one_cm":147657,"minecraft:raid_trigger":1,"minecraft:time_since_rest":23523,"minecraft:damage_taken":13086,"minecraft:damage_absorbed":160,"minecraft:swim_one_cm":130284,"minecraft:fly_one_cm":2483195,"minecraft:open_chest":195,"minecraft:fish_caught":11,"minecraft:fall_one_cm":209822},"minecraft:picked_up":{"minecraft:iron_chestplate":15,"minecraft:wheat":27,"minecraft:lead":50,"minecraft:bee_spawn_egg":1,"minecraft:oak_stairs":2,"minecraft:enchanted_book":2,"minecraft:golden_shovel":5,"minecraft:brewing_stand":1,"minecraft:string":16,"minecraft:cooked_salmon":10,"minecraft:iron_leggings":5,"rats:contaminated_food":2,"minecraft:experience_bottle":32,"minecraft:beetroot":11,"zombie_extreme:darkmetallplate":1,"minecraft:gold_nugget":15,"minecraft:iron_pickaxe":6,"minecraft:enchanted_golden_apple":1,"alexsmobs:raccoon_tail":9,"cgm:advanced_bullet":112,"minecraft:iron_boots":11,"minecraft:golden_helmet":1,"minecraft:stick":24,"minecraft:oak_fence":3,"minecraft:torch":34,"minecraft:porkchop":10,"minecraft:golden_axe":2,"tombstone:grave_dust":5,"minecraft:diorite":27,"minecraft:golden_chestplate":1,"minecraft:rotten_flesh":80,"bloodandmadness:molotov_cocktail":7,"minecraft:red_tulip":1,"minecraft:carved_pumpkin":2,"alexsmobs:emu_egg":8,"minecraft:obsidian":17,"bloodandmadness:blood_stone_shard":27,"minecraft:cod":8,"minecraft:cobblestone":1427,"minecraft:birch_log":6,"minecraft:magma_block":4,"minecraft:feather":17,"minecraft:water_bucket":2,"minecraft:andesite":13,"minecraft:dark_oak_boat":4,"minecraft:potato":46,"minecraft:flint":6,"minecraft:light_gray_dye":15,"cgm:heavy_rifle":1,"rats:raw_rat":5,"minecraft:lapis_lazuli":95,"minecraft:dirt":1284,"minecraft:glass":28,"minecraft:bone":31,"minecraft:bow":6,"minecraft:wheat_seeds":148,"alexsmobs:blobfish":3,"minecraft:stone_hoe":6,"minecraft:oak_planks":33,"alexsmobs:shark_tooth":1,"alexsmobs:crocodile_egg":5,"minecraft:sand":37,"minecraft:ink_sac":4,"dead_guys_untitled_deep_dark_:cold_sculk_prairie":10,"minecraft:dark_oak_log":9,"alexsmobs:animal_dictionary":11,"minecraft:sugar":2,"minecraft:diamond":15,"minecraft:granite":96,"minecraft:bone_meal":6,"minecraft:golden_horse_armor":3,"minecraft:bread":221,"alexsmobs:maggot":2,"minecraft:netherrack":10,"minecraft:dark_oak_fence":1,"minecraft:crafting_table":8,"minecraft:chicken":7,"minecraft:golden_pickaxe":1,"minecraft:brown_mushroom":1,"mowziesmobs:glowing_jelly":1,"dead_guys_untitled_deep_dark_:dahlia_petal":6,"minecraft:cornflower":5,"minecraft:iron_axe":2,"minecraft:flint_and_steel":19,"cgm:shotgun":2,"minecraft:white_carpet":7,"minecraft:blackstone":24,"bloodandmadness:blood_vial":138,"minecraft:beef":2,"minecraft:poppy":1,"minecraft:iron_nugget":2,"minecraft:sugar_cane":18,"minecraft:birch_sapling":1,"minecraft:egg":99,"dead_guys_untitled_deep_dark_:cold_deep_stone":25,"minecraft:carrot":257,"minecraft:redstone":4,"minecraft:dark_oak_planks":35,"minecraft:arrow":135,"minecraft:beetroot_seeds":40,"minecraft:hay_block":336,"rats:cooked_rat":1,"minecraft:gold_ingot":9,"minecraft:mutton":19,"alexsmobs:frontier_cap":5,"minecraft:white_wool":52,"minecraft:clock":1,"minecraft:basalt":25,"minecraft:salmon":38,"minecraft:leather":9,"minecraft:birch_planks":5,"minecraft:oak_log":103,"rats:rat_pelt":2,"minecraft:gunpowder":9,"minecraft:cobblestone_wall":1,"minecraft:white_banner":12,"bloodandmadness:quicksilver_bullet":86,"bloodandmadness:raw_quicksilver":45,"alexsmobs:cockroach_wing_fragment":1,"minecraft:iron_ingot":4,"minecraft:stone_pickaxe":12,"minecraft:iron_ore":200,"minecraft:glass_bottle":14,"minecraft:iron_sword":16,"minecraft:green_dye":1,"minecraft:pumpkin":2,"minecraft:sweet_berries":36,"minecraft:dandelion":2,"minecraft:gravel":114,"minecraft:white_bed":1,"minecraft:gold_ore":10,"minecraft:spider_eye":1,"zombie_extreme:nightvisionsyringe":1,"travelersbackpack:standard":17,"bloodandmadness:coldblood_dew":1018,"zombie_extreme:swat_vest_helmet":1,"minecraft:iron_helmet":5,"minecraft:black_wool":1,"minecraft:coal":344,"minecraft:ender_pearl":1},"minecraft:killed":{"zombie_extreme:soldier_zombie":1,"minecraft:spider":3,"alexsmobs:shoebill":1,"minecraft:skeleton":9,"bloodandmadness:female_beast_patient":9,"bloodandmadness:beast_patient":17,"minecraft:chicken":4,"alexsmobs:straddler":2,"minecraft:magma_cube":3,"zombie_extreme:militarysoldier":1,"minecraft:pig":4,"bloodandmadness:pitchfork_huntsman":3,"minecraft:salmon":6,"bloodandmadness:saber_huntsman":1,"alexsmobs:stradpole":1,"bloodandmadness:hunting_dog":3,"bloodandmadness:rifle_huntsman":3,"minecraft:creeper":7,"rats:rat":1,"minecraft:sheep":10,"mowziesmobs:lantern":1,"minecraft:trader_llama":2,"minecraft:pillager":12,"zombie_extreme:policezombie":1,"minecraft:zombie":20,"alexsmobs:fly":2,"zombie_extreme:boomerzombie":1,"bloodandmadness:church_doctor":3,"bloodandmadness:rabid_dog":1,"alexsmobs:raccoon":6,"zombie_extreme:demolisher":1,"zombie_extreme:drawnedzombie":1,"zombie_extreme:infected_dog":1,"minecraft:drowned":1,"zombie_extreme:parasite":1,"zombie_extreme:fast_zombie_v_2":1,"minecraft:bat":1,"minecraft:wandering_trader":1,"alexsmobs:cockroach":1,"bloodandmadness:church_doctor_crucifix":1,"alexsmobs:crow":2},"minecraft:killed_by":{"bloodandmadness:brick_troll":1,"minecraft:creeper":3,"alexsmobs:cachalot_whale":1,"bloodandmadness:hunting_dog":1,"bloodandmadness:father_gascoigne":1,"alexsmobs:crocodile":4,"zombie_extreme:demolisher":1,"zombie_extreme:militarysoldier":1,"minecraft:zombie":1,"bloodandmadness:large_huntsman_spear":2,"bloodandmadness:father_gascoigne_beast":1,"minecraft:player":1,"alexsmobs:tiger":1,"bloodandmadness:beast_patient":1,"alexsmobs:centipede_head":2},"minecraft:mined":{"minecraft:dark_oak_planks":4,"minecraft:white_bed":1,"minecraft:farmland":1,"minecraft:carved_pumpkin":1,"minecraft:obsidian":19,"minecraft:granite":91,"minecraft:grass_block":222,"minecraft:magma_block":4,"minecraft:iron_ore":185,"minecraft:fire":15,"dead_guys_untitled_deep_dark_:cold_deep_stone":28,"minecraft:pumpkin":1,"alexsmobs:crocodile_egg":4,"minecraft:red_tulip":1,"minecraft:oak_stairs":1,"dead_guys_untitled_deep_dark_:generate_dead_sculk_veins":2,"dead_guys_untitled_deep_dark_:cold_sculk":7,"minecraft:blackstone":27,"minecraft:torch":12,"minecraft:glass":1,"minecraft:cobblestone":73,"bloodandmadness:mercury_soaked_stone":31,"minecraft:sugar_cane":1,"minecraft:oak_planks":1,"minecraft:wall_torch":2,"minecraft:seagrass":1,"minecraft:birch_log":6,"dead_guys_untitled_deep_dark_:deep_flower":5,"minecraft:wheat":29,"minecraft:grass":353,"minecraft:oak_log":15,"minecraft:beetroots":11,"minecraft:sand":1,"minecraft:dirt":85,"minecraft:netherrack":13,"minecraft:oak_leaves":8,"minecraft:diamond_ore":15,"minecraft:dark_oak_leaves":1,"minecraft:dark_oak_fence":1,"minecraft:large_fern":1,"minecraft:hay_block":67,"minecraft:carrots":43,"minecraft:andesite":7,"minecraft:potatoes":7,"minecraft:vine":1,"minecraft:stone":1167,"minecraft:basalt":30,"travelersbackpack:standard":11,"minecraft:crafting_table":2,"minecraft:cornflower":5,"minecraft:tall_grass":80,"minecraft:lapis_ore":10,"minecraft:diorite":25,"minecraft:birch_planks":6,"minecraft:cobblestone_wall":2,"minecraft:sweet_berry_bush":9,"minecraft:white_carpet":1,"minecraft:birch_leaves":6,"minecraft:white_wall_banner":1,"minecraft:coal_ore":76,"minecraft:gravel":4,"dead_guys_untitled_deep_dark_:cold_sculk_prairie":6,"minecraft:gold_ore":11}},"DataVersion":2586}