{"stats":{"minecraft:broken":{"minecraft:iron_chestplate":1,"minecraft:stone_pickaxe":1,"minecraft:iron_sword":1,"minecraft:stone_shovel":1,"minecraft:iron_pickaxe":1},"minecraft:used":{"minecraft:chest":2,"minecraft:shield":17,"minecraft:iron_sword":544,"minecraft:mutton":9,"minecraft:carrot":141,"minecraft:glass":1,"dead_guys_untitled_deep_dark_:cold_sculk_prairie":1,"minecraft:bow":20,"minecraft:dark_oak_boat":1,"rats:cooked_rat":1,"minecraft:sweet_berries":8,"minecraft:furnace":1,"minecraft:beetroot_seeds":15,"bloodandmadness:blood_vial":6,"minecraft:egg":32,"minecraft:potato":2,"minecraft:diorite":5,"minecraft:stone_pickaxe":72,"minecraft:oak_planks":12,"minecraft:blue_bed":1,"rats:raw_rat":1,"minecraft:dark_oak_log":1,"minecraft:bread":117,"minecraft:gravel":44,"minecraft:dark_oak_fence":1,"minecraft:andesite":6,"minecraft:bone_meal":3,"minecraft:oak_fence":3,"bloodandmadness:molotov_cocktail":3,"minecraft:flint_and_steel":3,"minecraft:carved_pumpkin":2,"minecraft:stone_shovel":132,"minecraft:cooked_salmon":7,"minecraft:stone_hoe":122,"minecraft:bee_spawn_egg":1,"minecraft:torch":123,"minecraft:dirt":387,"minecraft:cobblestone_wall":1,"minecraft:dark_oak_planks":2,"minecraft:red_tulip":1,"minecraft:oak_stairs":1,"dead_guys_untitled_deep_dark_:cold_deep_stone":1,"tombstone:gift":3,"minecraft:enchanted_golden_apple":1,"minecraft:wheat_seeds":6,"minecraft:water_bucket":6,"minecraft:iron_ore":1,"minecraft:birch_planks":5,"minecraft:salmon":6,"minecraft:crafting_table":3,"minecraft:white_bed":3,"minecraft:cornflower":1,"minecraft:iron_pickaxe":380,"alexsmobs:crocodile_egg":5,"minecraft:fishing_rod":20,"minecraft:cobblestone":170,"travelersbackpack:standard":7,"minecraft:white_banner":1,"minecraft:bucket":11,"alexsmobs:animal_dictionary":50,"minecraft:dandelion":2},"minecraft:crafted":{"minecraft:oak_planks":16,"minecraft:dark_oak_boat":3,"tombstone:grave_key":3,"minecraft:chest":2,"minecraft:glass_bottle":3,"minecraft:crafting_table":2,"minecraft:iron_helmet":1,"minecraft:shield":1,"minecraft:stick":20,"minecraft:iron_ingot":83,"minecraft:iron_pickaxe":1,"minecraft:stone_shovel":1,"minecraft:fishing_rod":1,"minecraft:furnace":1,"minecraft:dark_oak_planks":32,"minecraft:wheat":387,"minecraft:iron_sword":1,"minecraft:blue_bed":1,"minecraft:bread":132,"minecraft:air":0,"minecraft:blue_dye":3,"minecraft:white_bed":3,"minecraft:torch":60},"minecraft:custom":{"minecraft:animals_bred":14,"minecraft:interact_with_crafting_table":17,"minecraft:leave_game":5,"minecraft:time_since_death":36085,"minecraft:damage_resisted":76,"minecraft:sprint_one_cm":1486708,"minecraft:damage_blocked_by_shield":715,"minecraft:drop":160,"minecraft:talked_to_villager":3,"minecraft:deaths":21,"minecraft:jump":9098,"minecraft:interact_with_brewingstand":1,"minecraft:walk_on_water_one_cm":72795,"minecraft:interact_with_furnace":24,"minecraft:play_one_minute":525572,"minecraft:sleep_in_bed":14,"tombstone:sneak_grave":2,"minecraft:damage_dealt":23852,"minecraft:crouch_one_cm":135254,"tombstone:undead_killed":10,"minecraft:interact_with_smithing_table":1,"minecraft:mob_kills":132,"minecraft:climb_one_cm":3265,"minecraft:walk_one_cm":1234704,"minecraft:sneak_time":44071,"minecraft:walk_under_water_one_cm":29278,"minecraft:boat_one_cm":147657,"minecraft:raid_trigger":1,"minecraft:time_since_rest":33786,"minecraft:damage_taken":11629,"minecraft:damage_absorbed":160,"minecraft:swim_one_cm":113178,"minecraft:fly_one_cm":2334390,"minecraft:open_chest":100,"minecraft:fish_caught":11,"minecraft:fall_one_cm":194411},"minecraft:dropped":{"minecraft:iron_sword":1,"minecraft:brown_mushroom":1,"bloodandmadness:blood_vial":5,"bloodandmadness:quicksilver_bullet":1,"travelersbackpack:standard":3,"minecraft:mutton":2,"rats:contaminated_food":2,"minecraft:dark_oak_boat":2,"minecraft:fishing_rod":1,"alexsmobs:raccoon_tail":1,"minecraft:bone":2,"minecraft:rotten_flesh":43,"minecraft:honey_bottle":3,"minecraft:salmon":17,"minecraft:carrot":3,"minecraft:poppy":1,"bloodandmadness:coldblood_dew":57,"rats:rat_pelt":1,"minecraft:beef":1,"minecraft:egg":28,"minecraft:water_bucket":1,"minecraft:bread":20,"minecraft:wheat_seeds":67,"dead_guys_untitled_deep_dark_:cold_deep_stone":1,"minecraft:feather":4,"minecraft:cobblestone":1,"minecraft:granite":5,"minecraft:green_dye":1,"tombstone:grave_dust":3,"minecraft:iron_axe":2,"bloodandmadness:raw_quicksilver":1,"dead_guys_untitled_deep_dark_:dahlia_petal":1,"alexsmobs:blobfish":3,"minecraft:white_carpet":3,"minecraft:andesite":1,"minecraft:spider_eye":1,"bloodandmadness:blood_stone_shard":2,"dead_guys_untitled_deep_dark_:cold_sculk_prairie":1},"minecraft:mined":{"minecraft:dark_oak_planks":2,"minecraft:white_bed":1,"minecraft:farmland":1,"minecraft:carved_pumpkin":1,"minecraft:granite":6,"minecraft:grass_block":214,"minecraft:iron_ore":143,"minecraft:fire":15,"dead_guys_untitled_deep_dark_:cold_deep_stone":22,"minecraft:pumpkin":1,"alexsmobs:crocodile_egg":4,"minecraft:red_tulip":1,"minecraft:oak_stairs":1,"dead_guys_untitled_deep_dark_:generate_dead_sculk_veins":2,"dead_guys_untitled_deep_dark_:cold_sculk":3,"minecraft:torch":12,"minecraft:cobblestone":13,"bloodandmadness:mercury_soaked_stone":30,"minecraft:sugar_cane":1,"minecraft:oak_planks":1,"minecraft:wall_torch":2,"minecraft:seagrass":1,"minecraft:birch_log":6,"dead_guys_untitled_deep_dark_:deep_flower":5,"minecraft:wheat":29,"minecraft:grass":352,"minecraft:oak_log":15,"minecraft:beetroots":11,"minecraft:sand":1,"minecraft:dirt":74,"minecraft:oak_leaves":8,"minecraft:dark_oak_leaves":1,"minecraft:dark_oak_fence":1,"minecraft:large_fern":1,"minecraft:hay_block":67,"minecraft:carrots":43,"minecraft:andesite":3,"minecraft:potatoes":7,"minecraft:vine":1,"minecraft:stone":151,"travelersbackpack:standard":11,"minecraft:crafting_table":2,"minecraft:cornflower":4,"minecraft:tall_grass":77,"minecraft:diorite":4,"minecraft:birch_planks":6,"minecraft:cobblestone_wall":2,"minecraft:sweet_berry_bush":9,"minecraft:white_carpet":1,"minecraft:birch_leaves":6,"minecraft:white_wall_banner":1,"minecraft:coal_ore":60,"minecraft:gravel":4,"dead_guys_untitled_deep_dark_:cold_sculk_prairie":6},"minecraft:picked_up":{"minecraft:iron_chestplate":15,"minecraft:wheat":27,"minecraft:lead":49,"minecraft:bee_spawn_egg":1,"minecraft:oak_stairs":2,"minecraft:enchanted_book":2,"minecraft:golden_shovel":5,"minecraft:brewing_stand":1,"minecraft:string":16,"minecraft:cooked_salmon":10,"minecraft:iron_leggings":5,"rats:contaminated_food":2,"minecraft:experience_bottle":20,"minecraft:beetroot":11,"minecraft:gold_nugget":15,"minecraft:iron_pickaxe":6,"minecraft:enchanted_golden_apple":1,"alexsmobs:raccoon_tail":9,"minecraft:iron_boots":11,"minecraft:golden_helmet":1,"minecraft:stick":24,"minecraft:oak_fence":3,"minecraft:torch":33,"minecraft:porkchop":10,"minecraft:golden_axe":2,"tombstone:grave_dust":3,"minecraft:diorite":5,"minecraft:golden_chestplate":1,"minecraft:rotten_flesh":73,"bloodandmadness:molotov_cocktail":7,"minecraft:carved_pumpkin":2,"minecraft:red_tulip":1,"alexsmobs:emu_egg":8,"minecraft:obsidian":2,"bloodandmadness:blood_stone_shard":27,"minecraft:cod":8,"minecraft:cobblestone":394,"minecraft:birch_log":6,"minecraft:feather":17,"minecraft:water_bucket":2,"minecraft:andesite":9,"minecraft:dark_oak_boat":4,"minecraft:potato":46,"minecraft:flint":6,"minecraft:light_gray_dye":15,"rats:raw_rat":5,"minecraft:lapis_lazuli":30,"minecraft:dirt":1265,"minecraft:glass":28,"minecraft:bone":29,"minecraft:bow":6,"minecraft:wheat_seeds":148,"alexsmobs:blobfish":3,"minecraft:oak_planks":33,"minecraft:stone_hoe":6,"alexsmobs:crocodile_egg":5,"minecraft:sand":37,"minecraft:ink_sac":4,"dead_guys_untitled_deep_dark_:cold_sculk_prairie":10,"minecraft:dark_oak_log":9,"alexsmobs:animal_dictionary":11,"minecraft:sugar":2,"minecraft:granite":7,"minecraft:bone_meal":6,"minecraft:golden_horse_armor":3,"minecraft:bread":221,"alexsmobs:maggot":2,"minecraft:dark_oak_fence":1,"minecraft:crafting_table":8,"minecraft:chicken":7,"minecraft:golden_pickaxe":1,"minecraft:brown_mushroom":1,"mowziesmobs:glowing_jelly":1,"dead_guys_untitled_deep_dark_:dahlia_petal":6,"minecraft:cornflower":4,"minecraft:iron_axe":2,"minecraft:flint_and_steel":19,"cgm:shotgun":2,"minecraft:white_carpet":7,"bloodandmadness:blood_vial":135,"minecraft:beef":2,"minecraft:iron_nugget":2,"minecraft:poppy":1,"minecraft:sugar_cane":18,"minecraft:birch_sapling":1,"minecraft:egg":99,"dead_guys_untitled_deep_dark_:cold_deep_stone":22,"minecraft:carrot":193,"minecraft:redstone":4,"minecraft:dark_oak_planks":33,"minecraft:arrow":135,"minecraft:beetroot_seeds":40,"minecraft:hay_block":336,"rats:cooked_rat":1,"minecraft:gold_ingot":9,"minecraft:mutton":19,"alexsmobs:frontier_cap":5,"minecraft:white_wool":52,"minecraft:clock":1,"minecraft:salmon":38,"minecraft:leather":9,"minecraft:birch_planks":5,"minecraft:oak_log":103,"rats:rat_pelt":2,"minecraft:cobblestone_wall":1,"minecraft:gunpowder":6,"minecraft:white_banner":12,"bloodandmadness:quicksilver_bullet":86,"bloodandmadness:raw_quicksilver":44,"alexsmobs:cockroach_wing_fragment":1,"minecraft:iron_ingot":2,"minecraft:stone_pickaxe":12,"minecraft:iron_ore":158,"minecraft:glass_bottle":14,"minecraft:iron_sword":16,"minecraft:green_dye":1,"minecraft:pumpkin":2,"minecraft:sweet_berries":36,"minecraft:dandelion":2,"minecraft:gravel":114,"minecraft:white_bed":1,"minecraft:spider_eye":1,"travelersbackpack:standard":17,"bloodandmadness:coldblood_dew":947,"minecraft:iron_helmet":5,"minecraft:black_wool":1,"minecraft:coal":328,"minecraft:ender_pearl":1},"minecraft:killed_by":{"bloodandmadness:brick_troll":1,"minecraft:creeper":3,"alexsmobs:cachalot_whale":1,"bloodandmadness:hunting_dog":1,"bloodandmadness:father_gascoigne":1,"alexsmobs:crocodile":4,"minecraft:zombie":1,"bloodandmadness:large_huntsman_spear":2,"bloodandmadness:father_gascoigne_beast":1,"minecraft:player":1,"alexsmobs:tiger":1,"bloodandmadness:beast_patient":1,"alexsmobs:centipede_head":2},"minecraft:killed":{"minecraft:spider":3,"alexsmobs:shoebill":1,"minecraft:skeleton":9,"bloodandmadness:female_beast_patient":9,"bloodandmadness:beast_patient":14,"minecraft:chicken":4,"minecraft:pig":4,"bloodandmadness:pitchfork_huntsman":3,"minecraft:salmon":6,"bloodandmadness:saber_huntsman":1,"bloodandmadness:hunting_dog":1,"bloodandmadness:rifle_huntsman":3,"minecraft:creeper":4,"rats:rat":1,"minecraft:sheep":10,"mowziesmobs:lantern":1,"minecraft:trader_llama":2,"minecraft:pillager":12,"minecraft:zombie":19,"alexsmobs:fly":2,"bloodandmadness:church_doctor":3,"bloodandmadness:rabid_dog":1,"alexsmobs:raccoon":6,"minecraft:drowned":1,"minecraft:bat":1,"minecraft:wandering_trader":1,"alexsmobs:cockroach":1,"alexsmobs:crow":2}},"DataVersion":2586}