{"stats":{"minecraft:picked_up":{"minecraft:iron_chestplate":7,"minecraft:crafting_table":5,"minecraft:wheat":24,"minecraft:chicken":6,"minecraft:golden_pickaxe":1,"minecraft:lead":7,"minecraft:bee_spawn_egg":1,"minecraft:oak_stairs":2,"minecraft:enchanted_book":2,"minecraft:golden_shovel":5,"minecraft:brewing_stand":1,"minecraft:cornflower":1,"minecraft:string":10,"minecraft:iron_axe":2,"minecraft:cooked_salmon":10,"minecraft:flint_and_steel":9,"minecraft:iron_leggings":5,"minecraft:experience_bottle":20,"rats:contaminated_food":2,"minecraft:beetroot":4,"bloodandmadness:blood_vial":45,"minecraft:gold_nugget":15,"minecraft:iron_nugget":2,"minecraft:poppy":1,"alexsmobs:raccoon_tail":8,"minecraft:enchanted_golden_apple":1,"minecraft:sugar_cane":12,"minecraft:birch_sapling":1,"minecraft:iron_boots":6,"minecraft:egg":5,"minecraft:golden_helmet":1,"minecraft:stick":18,"minecraft:torch":2,"minecraft:porkchop":10,"minecraft:golden_axe":2,"minecraft:carrot":46,"minecraft:golden_chestplate":1,"minecraft:dark_oak_planks":21,"minecraft:arrow":61,"minecraft:rotten_flesh":25,"minecraft:beetroot_seeds":18,"minecraft:hay_block":146,"minecraft:red_tulip":1,"rats:cooked_rat":1,"minecraft:mutton":19,"minecraft:obsidian":2,"minecraft:cod":8,"bloodandmadness:blood_stone_shard":12,"minecraft:cobblestone":175,"minecraft:white_wool":52,"minecraft:clock":1,"minecraft:feather":5,"minecraft:salmon":26,"minecraft:leather":1,"minecraft:dark_oak_boat":4,"minecraft:potato":44,"minecraft:birch_planks":5,"minecraft:flint":5,"minecraft:light_gray_dye":15,"minecraft:oak_log":103,"rats:rat_pelt":1,"minecraft:cobblestone_wall":1,"rats:raw_rat":3,"minecraft:lapis_lazuli":30,"minecraft:dirt":466,"minecraft:white_banner":11,"minecraft:glass":28,"minecraft:bone":8,"bloodandmadness:quicksilver_bullet":10,"bloodandmadness:raw_quicksilver":16,"minecraft:wheat_seeds":101,"minecraft:stone_pickaxe":6,"minecraft:glass_bottle":7,"minecraft:stone_hoe":3,"minecraft:iron_sword":7,"minecraft:oak_planks":1,"minecraft:pumpkin":1,"minecraft:gravel":114,"minecraft:sand":37,"minecraft:dark_oak_log":7,"alexsmobs:animal_dictionary":5,"travelersbackpack:standard":6,"minecraft:sugar":2,"bloodandmadness:coldblood_dew":436,"minecraft:iron_helmet":5,"minecraft:golden_horse_armor":3,"minecraft:bread":145,"alexsmobs:maggot":2,"minecraft:black_wool":1,"minecraft:dark_oak_fence":1,"minecraft:coal":131},"minecraft:crafted":{"minecraft:fishing_rod":1,"minecraft:dark_oak_boat":3,"minecraft:dark_oak_planks":32,"minecraft:wheat":324,"minecraft:glass_bottle":3,"minecraft:crafting_table":2,"minecraft:bread":111,"minecraft:white_bed":3},"minecraft:killed":{"alexsmobs:raccoon":6,"minecraft:spider":1,"alexsmobs:shoebill":1,"bloodandmadness:female_beast_patient":2,"minecraft:skeleton":1,"bloodandmadness:beast_patient":5,"minecraft:chicken":3,"minecraft:pig":4,"bloodandmadness:pitchfork_huntsman":1,"minecraft:salmon":6,"bloodandmadness:rifle_huntsman":1,"rats:rat":1,"minecraft:sheep":10,"minecraft:pillager":9,"minecraft:zombie":6,"alexsmobs:fly":1,"alexsmobs:crow":1},"minecraft:killed_by":{"bloodandmadness:brick_troll":1,"minecraft:player":1,"alexsmobs:cachalot_whale":1,"alexsmobs:tiger":1,"alexsmobs:crocodile":4},"minecraft:mined":{"minecraft:dark_oak_planks":2,"minecraft:dark_oak_leaves":1,"minecraft:dark_oak_fence":1,"minecraft:grass_block":32,"minecraft:hay_block":52,"minecraft:carrots":8,"minecraft:fire":1,"minecraft:red_tulip":1,"minecraft:potatoes":5,"minecraft:vine":1,"minecraft:oak_stairs":1,"minecraft:stone":17,"travelersbackpack:standard":4,"minecraft:crafting_table":1,"minecraft:cornflower":1,"minecraft:torch":1,"minecraft:cobblestone":7,"minecraft:tall_grass":55,"minecraft:oak_planks":1,"minecraft:sugar_cane":1,"minecraft:seagrass":1,"minecraft:birch_planks":5,"minecraft:cobblestone_wall":2,"minecraft:wheat":27,"minecraft:birch_leaves":5,"minecraft:white_wall_banner":1,"minecraft:grass":273,"minecraft:coal_ore":39,"minecraft:oak_log":15,"minecraft:beetroots":3,"minecraft:gravel":4,"minecraft:dirt":49,"minecraft:oak_leaves":6},"minecraft:used":{"minecraft:iron_sword":197,"minecraft:cooked_salmon":7,"minecraft:bee_spawn_egg":1,"minecraft:mutton":9,"minecraft:dirt":100,"minecraft:cobblestone_wall":1,"minecraft:glass":1,"minecraft:dark_oak_planks":2,"minecraft:red_tulip":1,"minecraft:oak_stairs":1,"rats:cooked_rat":1,"minecraft:dark_oak_boat":1,"bloodandmadness:blood_vial":5,"minecraft:egg":1,"minecraft:enchanted_golden_apple":1,"minecraft:birch_planks":5,"minecraft:stone_pickaxe":65,"minecraft:oak_planks":1,"minecraft:crafting_table":2,"minecraft:white_bed":3,"rats:raw_rat":1,"minecraft:cornflower":1,"minecraft:bread":63,"minecraft:gravel":44,"minecraft:fishing_rod":20,"minecraft:cobblestone":51,"travelersbackpack:standard":2,"minecraft:dark_oak_fence":1,"alexsmobs:animal_dictionary":38},"minecraft:custom":{"minecraft:mob_kills":61,"minecraft:animals_bred":8,"minecraft:interact_with_crafting_table":9,"minecraft:leave_game":1,"minecraft:time_since_death":3440,"minecraft:damage_resisted":74,"minecraft:climb_one_cm":1879,"minecraft:sprint_one_cm":636985,"minecraft:walk_one_cm":514100,"minecraft:drop":90,"minecraft:deaths":8,"minecraft:sneak_time":15384,"minecraft:walk_under_water_one_cm":19847,"minecraft:boat_one_cm":147657,"minecraft:jump":4485,"minecraft:walk_on_water_one_cm":41065,"minecraft:interact_with_furnace":1,"minecraft:play_one_minute":229357,"minecraft:raid_trigger":1,"minecraft:sleep_in_bed":7,"minecraft:time_since_rest":3466,"minecraft:damage_taken":5107,"minecraft:damage_absorbed":160,"minecraft:damage_dealt":8039,"minecraft:swim_one_cm":89785,"minecraft:fly_one_cm":1127413,"minecraft:open_chest":37,"minecraft:crouch_one_cm":44356,"minecraft:fish_caught":11,"minecraft:fall_one_cm":96731},"minecraft:dropped":{"minecraft:bread":19,"minecraft:wheat_seeds":65,"bloodandmadness:blood_vial":5,"minecraft:feather":4,"minecraft:cobblestone":1,"minecraft:mutton":2,"minecraft:iron_axe":2,"minecraft:fishing_rod":1,"rats:contaminated_food":2,"minecraft:dark_oak_boat":2,"minecraft:bone":2,"minecraft:rotten_flesh":17,"minecraft:honey_bottle":2,"minecraft:salmon":16,"minecraft:poppy":1,"bloodandmadness:coldblood_dew":8,"rats:rat_pelt":1,"minecraft:beef":1,"minecraft:egg":4}},"DataVersion":2586}