{"stats":{"minecraft:mined":{"minecraft:oak_leaves":2,"minecraft:oak_log":15},"minecraft:killed_by":{"alexsmobs:cachalot_whale":1},"minecraft:picked_up":{"travelersbackpack:standard":1,"minecraft:iron_leggings":1,"minecraft:iron_chestplate":1,"bloodandmadness:coldblood_dew":3,"rats:contaminated_food":2,"minecraft:rotten_flesh":2,"minecraft:iron_helmet":1,"rats:cooked_rat":1,"minecraft:oak_log":15,"rats:rat_pelt":1,"rats:raw_rat":1,"minecraft:iron_sword":1,"minecraft:iron_boots":1},"minecraft:killed":{"minecraft:zombie":1,"rats:rat":1},"minecraft:used":{"rats:raw_rat":1,"rats:cooked_rat":1,"minecraft:bread":2,"alexsmobs:animal_dictionary":1,"minecraft:iron_sword":6,"minecraft:cooked_salmon":1},"minecraft:dropped":{"minecraft:rotten_flesh":2,"rats:rat_pelt":1,"bloodandmadness:coldblood_dew":3,"rats:contaminated_food":2},"minecraft:custom":{"minecraft:open_chest":12,"minecraft:time_since_rest":283,"minecraft:play_one_minute":22878,"minecraft:crouch_one_cm":14883,"minecraft:sprint_one_cm":23453,"minecraft:damage_taken":442,"minecraft:walk_one_cm":37092,"minecraft:sneak_time":4544,"minecraft:walk_under_water_one_cm":4307,"minecraft:mob_kills":2,"minecraft:drop":7,"minecraft:jump":288,"minecraft:damage_dealt":270,"minecraft:time_since_death":239,"minecraft:walk_on_water_one_cm":1428,"minecraft:deaths":1,"minecraft:swim_one_cm":5765,"minecraft:fall_one_cm":7841,"minecraft:fly_one_cm":39851}},"DataVersion":2586}