{"stats":{"minecraft:used":{"minecraft:golden_sword":4,"alexsmobs:lobster_tail":1,"minecraft:beef":6,"minecraft:oak_sapling":1,"minecraft:iron_axe":21,"alexsmobs:animal_dictionary":3,"minecraft:golden_pickaxe":4},"minecraft:dropped":{"bloodandmadness:coldblood_dew":6,"alexsmobs:raccoon_tail":1},"minecraft:custom":{"minecraft:open_chest":2,"minecraft:time_since_rest":12083,"minecraft:play_one_minute":12083,"minecraft:crouch_one_cm":761,"minecraft:sprint_one_cm":34105,"minecraft:damage_taken":311,"minecraft:walk_one_cm":16826,"minecraft:sneak_time":232,"minecraft:walk_under_water_one_cm":4500,"minecraft:mob_kills":4,"minecraft:drop":7,"minecraft:jump":230,"minecraft:damage_dealt":555,"minecraft:walk_on_water_one_cm":9913,"minecraft:time_since_death":12083,"minecraft:swim_one_cm":15229,"minecraft:fall_one_cm":5510,"minecraft:fly_one_cm":43127},"minecraft:picked_up":{"minecraft:iron_axe":1,"bloodandmadness:coldblood_dew":6,"minecraft:leather":4,"minecraft:beef":8,"minecraft:oak_log":17,"alexsmobs:raccoon_tail":2,"minecraft:oak_sapling":1,"minecraft:netherrack":2,"rats:raw_rat":2,"alexsmobs:lobster_tail":1},"minecraft:killed":{"alexsmobs:raccoon":1,"minecraft:cow":3},"minecraft:mined":{"minecraft:grass":3,"minecraft:oak_log":18,"minecraft:tall_grass":1,"minecraft:netherrack":3,"minecraft:oak_leaves":4}},"DataVersion":2586}