{"stats":{"minecraft:picked_up":{"minecraft:crafting_table":5,"minecraft:iron_chestplate":10,"minecraft:wheat":24,"minecraft:chicken":7,"minecraft:golden_pickaxe":1,"minecraft:lead":13,"minecraft:bee_spawn_egg":1,"minecraft:oak_stairs":2,"minecraft:enchanted_book":2,"minecraft:golden_shovel":5,"minecraft:brewing_stand":1,"minecraft:cornflower":2,"minecraft:string":10,"minecraft:iron_axe":2,"minecraft:cooked_salmon":10,"minecraft:flint_and_steel":14,"minecraft:iron_leggings":5,"rats:contaminated_food":2,"minecraft:experience_bottle":20,"minecraft:beetroot":4,"bloodandmadness:blood_vial":72,"minecraft:gold_nugget":15,"minecraft:iron_pickaxe":1,"minecraft:iron_nugget":2,"minecraft:poppy":1,"minecraft:enchanted_golden_apple":1,"alexsmobs:raccoon_tail":8,"minecraft:sugar_cane":12,"minecraft:birch_sapling":1,"minecraft:iron_boots":6,"minecraft:egg":24,"minecraft:golden_helmet":1,"minecraft:stick":18,"minecraft:torch":2,"minecraft:porkchop":10,"minecraft:golden_axe":2,"minecraft:carrot":49,"minecraft:golden_chestplate":1,"minecraft:dark_oak_planks":31,"minecraft:arrow":114,"minecraft:rotten_flesh":31,"minecraft:beetroot_seeds":19,"minecraft:carved_pumpkin":2,"minecraft:hay_block":209,"minecraft:red_tulip":1,"rats:cooked_rat":1,"minecraft:obsidian":2,"minecraft:mutton":19,"minecraft:cobblestone":175,"bloodandmadness:blood_stone_shard":12,"minecraft:cod":8,"minecraft:white_wool":52,"minecraft:feather":7,"minecraft:clock":1,"minecraft:water_bucket":2,"minecraft:salmon":26,"minecraft:leather":1,"minecraft:dark_oak_boat":4,"minecraft:potato":46,"minecraft:birch_planks":5,"minecraft:flint":5,"minecraft:light_gray_dye":15,"minecraft:oak_log":103,"rats:rat_pelt":1,"minecraft:cobblestone_wall":1,"rats:raw_rat":3,"minecraft:lapis_lazuli":30,"minecraft:dirt":1017,"minecraft:white_banner":11,"minecraft:glass":28,"minecraft:bone":18,"bloodandmadness:quicksilver_bullet":10,"bloodandmadness:raw_quicksilver":16,"minecraft:wheat_seeds":113,"minecraft:stone_pickaxe":9,"minecraft:glass_bottle":11,"minecraft:stone_hoe":6,"minecraft:iron_sword":10,"minecraft:oak_planks":1,"minecraft:pumpkin":1,"minecraft:sweet_berries":16,"minecraft:gravel":114,"minecraft:sand":37,"minecraft:white_bed":1,"minecraft:dark_oak_log":7,"alexsmobs:animal_dictionary":5,"travelersbackpack:standard":10,"minecraft:sugar":2,"bloodandmadness:coldblood_dew":456,"minecraft:iron_helmet":5,"minecraft:bone_meal":2,"minecraft:golden_horse_armor":3,"minecraft:bread":212,"alexsmobs:maggot":2,"minecraft:black_wool":1,"minecraft:dark_oak_fence":1,"minecraft:coal":177},"minecraft:used":{"minecraft:flint_and_steel":1,"minecraft:carved_pumpkin":2,"minecraft:stone_shovel":132,"minecraft:iron_sword":214,"minecraft:stone_hoe":122,"minecraft:cooked_salmon":7,"minecraft:bee_spawn_egg":1,"minecraft:mutton":9,"minecraft:dirt":209,"minecraft:cobblestone_wall":1,"minecraft:carrot":28,"minecraft:glass":1,"minecraft:dark_oak_planks":2,"minecraft:red_tulip":1,"minecraft:oak_stairs":1,"minecraft:bow":1,"rats:cooked_rat":1,"minecraft:dark_oak_boat":1,"minecraft:beetroot_seeds":7,"bloodandmadness:blood_vial":6,"minecraft:egg":2,"minecraft:potato":2,"minecraft:enchanted_golden_apple":1,"minecraft:wheat_seeds":6,"minecraft:water_bucket":3,"minecraft:birch_planks":5,"minecraft:stone_pickaxe":65,"minecraft:oak_planks":1,"minecraft:blue_bed":1,"minecraft:crafting_table":2,"minecraft:white_bed":3,"rats:raw_rat":1,"minecraft:cornflower":1,"minecraft:bread":88,"minecraft:gravel":44,"minecraft:fishing_rod":20,"minecraft:cobblestone":51,"travelersbackpack:standard":3,"minecraft:dark_oak_fence":1,"minecraft:bucket":3,"alexsmobs:animal_dictionary":38},"minecraft:killed":{"alexsmobs:raccoon":6,"minecraft:spider":1,"alexsmobs:shoebill":1,"minecraft:skeleton":2,"bloodandmadness:female_beast_patient":3,"bloodandmadness:beast_patient":5,"minecraft:chicken":4,"minecraft:pig":4,"bloodandmadness:pitchfork_huntsman":1,"minecraft:salmon":6,"bloodandmadness:rifle_huntsman":1,"rats:rat":1,"minecraft:sheep":10,"minecraft:pillager":9,"minecraft:zombie":6,"alexsmobs:fly":1,"alexsmobs:crow":2},"minecraft:dropped":{"minecraft:water_bucket":1,"minecraft:bread":19,"minecraft:wheat_seeds":65,"bloodandmadness:blood_vial":5,"minecraft:cobblestone":1,"minecraft:feather":4,"travelersbackpack:standard":1,"minecraft:mutton":2,"minecraft:iron_axe":2,"minecraft:fishing_rod":1,"minecraft:dark_oak_boat":2,"rats:contaminated_food":2,"minecraft:bone":2,"minecraft:rotten_flesh":17,"minecraft:honey_bottle":2,"minecraft:salmon":16,"minecraft:poppy":1,"bloodandmadness:coldblood_dew":8,"rats:rat_pelt":1,"minecraft:beef":1,"minecraft:egg":16},"minecraft:broken":{"minecraft:stone_shovel":1},"minecraft:mined":{"minecraft:dark_oak_planks":2,"minecraft:white_bed":1,"minecraft:farmland":1,"minecraft:dark_oak_leaves":1,"minecraft:carved_pumpkin":1,"minecraft:dark_oak_fence":1,"minecraft:grass_block":190,"minecraft:hay_block":67,"minecraft:carrots":11,"minecraft:fire":1,"minecraft:red_tulip":1,"minecraft:potatoes":7,"minecraft:vine":1,"minecraft:oak_stairs":1,"minecraft:stone":17,"travelersbackpack:standard":6,"minecraft:crafting_table":1,"minecraft:cornflower":2,"minecraft:torch":1,"minecraft:tall_grass":69,"minecraft:cobblestone":7,"minecraft:sugar_cane":1,"minecraft:oak_planks":1,"minecraft:seagrass":1,"minecraft:birch_planks":6,"minecraft:cobblestone_wall":2,"minecraft:sweet_berry_bush":7,"minecraft:wheat":28,"minecraft:birch_leaves":5,"minecraft:white_wall_banner":1,"minecraft:grass":318,"minecraft:oak_log":15,"minecraft:coal_ore":39,"minecraft:beetroots":4,"minecraft:gravel":4,"minecraft:dirt":56,"minecraft:oak_leaves":6},"minecraft:killed_by":{"bloodandmadness:brick_troll":1,"minecraft:player":1,"minecraft:creeper":1,"alexsmobs:cachalot_whale":1,"alexsmobs:tiger":1,"alexsmobs:crocodile":4,"bloodandmadness:large_huntsman_spear":2},"minecraft:crafted":{"minecraft:stone_shovel":1,"minecraft:fishing_rod":1,"minecraft:dark_oak_boat":3,"minecraft:dark_oak_planks":32,"minecraft:wheat":324,"minecraft:glass_bottle":3,"minecraft:crafting_table":2,"minecraft:blue_bed":1,"minecraft:bread":111,"minecraft:blue_dye":1,"minecraft:white_bed":3},"minecraft:custom":{"minecraft:interact_with_smithing_table":1,"minecraft:mob_kills":66,"minecraft:animals_bred":12,"minecraft:interact_with_crafting_table":9,"minecraft:leave_game":1,"minecraft:time_since_death":31348,"minecraft:climb_one_cm":3265,"minecraft:damage_resisted":76,"minecraft:sprint_one_cm":891295,"minecraft:walk_one_cm":666808,"minecraft:drop":104,"minecraft:talked_to_villager":2,"minecraft:deaths":11,"minecraft:sneak_time":17804,"minecraft:walk_under_water_one_cm":26765,"minecraft:boat_one_cm":147657,"minecraft:interact_with_brewingstand":1,"minecraft:jump":5987,"minecraft:walk_on_water_one_cm":51281,"minecraft:interact_with_furnace":1,"minecraft:play_one_minute":289161,"minecraft:raid_trigger":1,"minecraft:sleep_in_bed":10,"minecraft:time_since_rest":15158,"minecraft:damage_taken":6513,"minecraft:damage_absorbed":160,"minecraft:damage_dealt":8859,"minecraft:swim_one_cm":106400,"minecraft:fly_one_cm":1542073,"minecraft:open_chest":51,"minecraft:crouch_one_cm":55470,"minecraft:fish_caught":11,"minecraft:fall_one_cm":134626}},"DataVersion":2586}